Position,Complexity,SequenceID,K
0,0,"60",15
1,0,"60",15
2,0,"60",15
3,0,"60",15
4,0,"60",15
5,0,"60",15
6,0,"60",15
7,0,"60",15
8,0,"60",15
9,0,"60",15
10,0,"60",15
11,0,"60",15
12,0,"60",15
13,0,"60",15
14,0,"60",15
15,2,"60",15
16,2,"60",15
17,2,"60",15
18,2,"60",15
19,2,"60",15
20,2,"60",15
21,2,"60",15
22,2,"60",15
23,2,"60",15
24,2,"60",15
25,2,"60",15
26,2,"60",15
27,2,"60",15
28,2,"60",15
29,2,"60",15
30,2,"60",15
31,2,"60",15
32,2,"60",15
33,2,"60",15
34,2,"60",15
35,2,"60",15
36,2,"60",15
37,2,"60",15
38,2,"60",15
39,2,"60",15
40,2,"60",15
41,2,"60",15
42,2,"60",15
43,2,"60",15
44,2,"60",15
45,2,"60",15
46,2,"60",15
47,2,"60",15
48,2,"60",15
49,2,"60",15
50,2,"60",15
51,2,"60",15
52,2,"60",15
53,2,"60",15
54,2,"60",15
55,2,"60",15
56,2,"60",15
57,2,"60",15
58,2,"60",15
59,2,"60",15
60,2,"60",15
61,2,"60",15
62,2,"60",15
63,2,"60",15
64,2,"60",15
65,2,"60",15
66,2,"60",15
67,2,"60",15
68,2,"60",15
69,2,"60",15
70,2,"60",15
71,2,"60",15
72,2,"60",15
73,2,"60",15
74,2,"60",15
75,2,"60",15
76,2,"60",15
77,2,"60",15
78,2,"60",15
79,2,"60",15
80,2,"60",15
81,2,"60",15
82,2,"60",15
83,2,"60",15
84,2,"60",15
85,2,"60",15
86,2,"60",15
87,2,"60",15
88,2,"60",15
89,2,"60",15
90,2,"60",15
91,2,"60",15
92,2,"60",15
93,2,"60",15
94,2,"60",15
95,2,"60",15
96,2,"60",15
97,2,"60",15
98,2,"60",15
99,2,"60",15
100,2,"60",15
101,2,"60",15
102,2,"60",15
103,2,"60",15
104,2,"60",15
105,2,"60",15
106,2,"60",15
107,2,"60",15
108,2,"60",15
109,2,"60",15
110,2,"60",15
111,2,"60",15
112,2,"60",15
113,2,"60",15
114,2,"60",15
115,2,"60",15
116,2,"60",15
117,2,"60",15
118,2,"60",15
119,2,"60",15
120,2,"60",15
121,2,"60",15
122,2,"60",15
123,2,"60",15
124,2,"60",15
125,2,"60",15
126,2,"60",15
127,2,"60",15
128,2,"60",15
129,2,"60",15
130,2,"60",15
131,2,"60",15
132,2,"60",15
133,2,"60",15
134,2,"60",15
135,2,"60",15
136,2,"60",15
137,2,"60",15
138,2,"60",15
139,2,"60",15
140,2,"60",15
141,2,"60",15
142,2,"60",15
143,2,"60",15
144,2,"60",15
145,2,"60",15
146,2,"60",15
147,2,"60",15
148,2,"60",15
149,2,"60",15
150,2,"60",15
151,2,"60",15
152,2,"60",15
153,2,"60",15
154,2,"60",15
155,2,"60",15
156,2,"60",15
157,2,"60",15
158,2,"60",15
159,2,"60",15
160,2,"60",15
161,2,"60",15
162,2,"60",15
163,2,"60",15
164,2,"60",15
165,2,"60",15
166,2,"60",15
167,2,"60",15
168,2,"60",15
169,2,"60",15
170,2,"60",15
171,2,"60",15
172,2,"60",15
173,2,"60",15
174,2,"60",15
175,2,"60",15
176,2,"60",15
177,2,"60",15
178,2,"60",15
179,2,"60",15
180,2,"60",15
181,2,"60",15
182,2,"60",15
183,2,"60",15
184,2,"60",15
185,2,"60",15
186,2,"60",15
187,2,"60",15
188,2,"60",15
189,2,"60",15
190,2,"60",15
191,2,"60",15
192,2,"60",15
193,2,"60",15
194,2,"60",15
195,2,"60",15
196,2,"60",15
197,2,"60",15
198,2,"60",15
199,2,"60",15
200,2,"60",15
201,2,"60",15
202,2,"60",15
203,2,"60",15
204,2,"60",15
205,2,"60",15
206,2,"60",15
207,2,"60",15
208,2,"60",15
209,2,"60",15
210,2,"60",15
211,2,"60",15
212,2,"60",15
213,2,"60",15
214,2,"60",15
215,2,"60",15
216,2,"60",15
217,2,"60",15
218,2,"60",15
219,2,"60",15
220,2,"60",15
221,2,"60",15
222,2,"60",15
223,2,"60",15
224,2,"60",15
225,2,"60",15
226,2,"60",15
227,2,"60",15
228,2,"60",15
229,2,"60",15
230,2,"60",15
231,2,"60",15
232,2,"60",15
233,2,"60",15
234,2,"60",15
235,2,"60",15
236,2,"60",15
237,2,"60",15
238,2,"60",15
239,2,"60",15
240,2,"60",15
241,2,"60",15
242,2,"60",15
243,2,"60",15
244,2,"60",15
245,2,"60",15
246,2,"60",15
247,2,"60",15
248,2,"60",15
249,2,"60",15
250,2,"60",15
251,2,"60",15
252,2,"60",15
253,2,"60",15
254,2,"60",15
255,2,"60",15
256,2,"60",15
257,2,"60",15
258,2,"60",15
259,2,"60",15
260,2,"60",15
261,2,"60",15
262,2,"60",15
263,2,"60",15
264,2,"60",15
265,2,"60",15
266,2,"60",15
267,2,"60",15
268,2,"60",15
269,2,"60",15
270,2,"60",15
271,2,"60",15
272,2,"60",15
273,2,"60",15
274,2,"60",15
275,2,"60",15
276,2,"60",15
277,2,"60",15
278,2,"60",15
279,2,"60",15
280,2,"60",15
281,2,"60",15
282,2,"60",15
283,2,"60",15
284,2,"60",15
285,2,"60",15
286,2,"60",15
287,2,"60",15
288,2,"60",15
289,2,"60",15
290,2,"60",15
291,2,"60",15
292,2,"60",15
293,2,"60",15
294,2,"60",15
295,2,"60",15
296,2,"60",15
297,2,"60",15
298,2,"60",15
299,2,"60",15
300,2,"60",15
301,2,"60",15
302,2,"60",15
303,2,"60",15
304,2,"60",15
305,2,"60",15
306,2,"60",15
307,2,"60",15
308,2,"60",15
309,2,"60",15
310,2,"60",15
311,2,"60",15
312,2,"60",15
313,2,"60",15
314,2,"60",15
315,2,"60",15
316,2,"60",15
317,2,"60",15
318,2,"60",15
319,2,"60",15
320,2,"60",15
321,2,"60",15
322,2,"60",15
323,2,"60",15
324,2,"60",15
325,2,"60",15
326,2,"60",15
327,2,"60",15
328,2,"60",15
329,2,"60",15
330,2,"60",15
331,2,"60",15
332,2,"60",15
333,2,"60",15
334,2,"60",15
335,2,"60",15
336,2,"60",15
337,2,"60",15
338,2,"60",15
339,2,"60",15
340,2,"60",15
341,2,"60",15
342,2,"60",15
343,2,"60",15
344,2,"60",15
345,2,"60",15
346,2,"60",15
347,2,"60",15
348,2,"60",15
349,2,"60",15
350,2,"60",15
351,2,"60",15
352,2,"60",15
353,2,"60",15
354,2,"60",15
355,2,"60",15
356,2,"60",15
357,2,"60",15
358,2,"60",15
359,2,"60",15
360,2,"60",15
361,2,"60",15
362,2,"60",15
363,2,"60",15
364,2,"60",15
365,2,"60",15
366,2,"60",15
367,2,"60",15
368,2,"60",15
369,2,"60",15
370,2,"60",15
371,2,"60",15
372,2,"60",15
373,2,"60",15
374,2,"60",15
375,2,"60",15
376,2,"60",15
377,2,"60",15
378,2,"60",15
379,2,"60",15
380,2,"60",15
381,2,"60",15
382,2,"60",15
383,2,"60",15
384,2,"60",15
385,2,"60",15
386,2,"60",15
387,2,"60",15
388,2,"60",15
389,2,"60",15
390,2,"60",15
391,2,"60",15
392,2,"60",15
393,2,"60",15
394,2,"60",15
395,2,"60",15
396,2,"60",15
397,2,"60",15
398,2,"60",15
399,2,"60",15
400,2,"60",15
401,2,"60",15
402,2,"60",15
403,2,"60",15
404,2,"60",15
405,2,"60",15
406,2,"60",15
407,2,"60",15
408,2,"60",15
409,2,"60",15
410,2,"60",15
411,2,"60",15
412,2,"60",15
413,2,"60",15
414,2,"60",15
415,2,"60",15
416,2,"60",15
417,2,"60",15
418,2,"60",15
419,2,"60",15
420,2,"60",15
421,2,"60",15
422,2,"60",15
423,2,"60",15
424,2,"60",15
425,2,"60",15
426,2,"60",15
427,2,"60",15
428,2,"60",15
429,2,"60",15
430,2,"60",15
431,2,"60",15
432,2,"60",15
433,2,"60",15
434,2,"60",15
435,2,"60",15
436,2,"60",15
437,2,"60",15
438,2,"60",15
439,2,"60",15
440,2,"60",15
441,2,"60",15
442,2,"60",15
443,2,"60",15
444,2,"60",15
445,2,"60",15
446,2,"60",15
447,2,"60",15
448,2,"60",15
449,2,"60",15
450,2,"60",15
451,2,"60",15
452,2,"60",15
453,2,"60",15
454,2,"60",15
455,2,"60",15
456,2,"60",15
457,2,"60",15
458,2,"60",15
459,2,"60",15
460,2,"60",15
461,2,"60",15
462,2,"60",15
463,2,"60",15
464,2,"60",15
465,2,"60",15
466,2,"60",15
467,2,"60",15
468,2,"60",15
469,2,"60",15
470,2,"60",15
471,2,"60",15
472,2,"60",15
473,2,"60",15
474,2,"60",15
475,2,"60",15
476,2,"60",15
477,2,"60",15
478,2,"60",15
479,2,"60",15
480,2,"60",15
481,2,"60",15
482,2,"60",15
483,2,"60",15
484,2,"60",15
485,2,"60",15
486,2,"60",15
487,2,"60",15
488,2,"60",15
489,2,"60",15
490,2,"60",15
491,2,"60",15
492,2,"60",15
493,2,"60",15
494,2,"60",15
495,2,"60",15
496,2,"60",15
497,2,"60",15
498,2,"60",15
499,2,"60",15
500,2,"60",15
501,2,"60",15
502,2,"60",15
503,2,"60",15
504,2,"60",15
505,2,"60",15
506,2,"60",15
507,2,"60",15
508,2,"60",15
509,2,"60",15
510,2,"60",15
511,2,"60",15
512,2,"60",15
513,2,"60",15
514,2,"60",15
515,2,"60",15
516,2,"60",15
517,2,"60",15
518,2,"60",15
519,2,"60",15
520,2,"60",15
521,2,"60",15
522,2,"60",15
523,2,"60",15
524,2,"60",15
525,2,"60",15
526,2,"60",15
527,2,"60",15
528,2,"60",15
529,2,"60",15
530,2,"60",15
531,2,"60",15
532,2,"60",15
533,2,"60",15
534,2,"60",15
535,2,"60",15
536,2,"60",15
537,2,"60",15
538,2,"60",15
539,2,"60",15
540,2,"60",15
541,2,"60",15
542,2,"60",15
543,2,"60",15
544,2,"60",15
545,2,"60",15
546,2,"60",15
547,2,"60",15
548,2,"60",15
549,2,"60",15
550,2,"60",15
551,2,"60",15
552,2,"60",15
553,2,"60",15
554,2,"60",15
555,2,"60",15
556,2,"60",15
557,2,"60",15
558,2,"60",15
559,2,"60",15
560,2,"60",15
561,2,"60",15
562,2,"60",15
563,2,"60",15
564,2,"60",15
565,2,"60",15
566,2,"60",15
567,2,"60",15
568,2,"60",15
569,2,"60",15
570,2,"60",15
571,2,"60",15
572,2,"60",15
573,2,"60",15
574,2,"60",15
575,2,"60",15
576,2,"60",15
577,2,"60",15
578,2,"60",15
579,2,"60",15
580,2,"60",15
581,2,"60",15
582,2,"60",15
583,2,"60",15
584,2,"60",15
585,2,"60",15
586,2,"60",15
587,2,"60",15
588,2,"60",15
589,2,"60",15
590,2,"60",15
591,2,"60",15
592,2,"60",15
593,2,"60",15
594,2,"60",15
595,2,"60",15
596,2,"60",15
597,2,"60",15
598,2,"60",15
599,2,"60",15
600,2,"60",15
601,2,"60",15
602,2,"60",15
603,2,"60",15
604,2,"60",15
605,2,"60",15
606,2,"60",15
607,2,"60",15
608,2,"60",15
609,2,"60",15
610,2,"60",15
611,2,"60",15
612,2,"60",15
613,2,"60",15
614,2,"60",15
615,2,"60",15
616,2,"60",15
617,2,"60",15
618,2,"60",15
619,2,"60",15
620,2,"60",15
621,2,"60",15
622,2,"60",15
623,2,"60",15
624,2,"60",15
625,2,"60",15
626,2,"60",15
627,2,"60",15
628,2,"60",15
629,2,"60",15
630,2,"60",15
631,2,"60",15
632,2,"60",15
633,2,"60",15
634,2,"60",15
635,2,"60",15
636,2,"60",15
637,2,"60",15
638,2,"60",15
639,2,"60",15
640,2,"60",15
641,2,"60",15
642,2,"60",15
643,2,"60",15
644,2,"60",15
645,2,"60",15
646,2,"60",15
647,2,"60",15
648,2,"60",15
649,2,"60",15
650,2,"60",15
651,2,"60",15
652,2,"60",15
653,2,"60",15
654,2,"60",15
655,2,"60",15
656,2,"60",15
657,2,"60",15
658,2,"60",15
659,2,"60",15
660,2,"60",15
661,2,"60",15
662,2,"60",15
663,2,"60",15
664,2,"60",15
665,2,"60",15
666,2,"60",15
667,2,"60",15
668,2,"60",15
669,2,"60",15
670,2,"60",15
671,2,"60",15
672,2,"60",15
673,2,"60",15
674,2,"60",15
675,2,"60",15
676,2,"60",15
677,2,"60",15
678,2,"60",15
679,2,"60",15
680,2,"60",15
681,2,"60",15
682,2,"60",15
683,2,"60",15
684,2,"60",15
685,2,"60",15
686,2,"60",15
687,2,"60",15
688,2,"60",15
689,2,"60",15
690,2,"60",15
691,2,"60",15
692,2,"60",15
693,2,"60",15
694,2,"60",15
695,2,"60",15
696,2,"60",15
697,2,"60",15
698,2,"60",15
699,2,"60",15
700,2,"60",15
701,2,"60",15
702,2,"60",15
703,2,"60",15
704,2,"60",15
705,2,"60",15
706,2,"60",15
707,2,"60",15
708,2,"60",15
709,2,"60",15
710,2,"60",15
711,2,"60",15
712,2,"60",15
713,2,"60",15
714,2,"60",15
715,2,"60",15
716,2,"60",15
717,2,"60",15
718,2,"60",15
719,2,"60",15
720,2,"60",15
721,2,"60",15
722,2,"60",15
723,2,"60",15
724,2,"60",15
725,2,"60",15
726,2,"60",15
727,2,"60",15
728,2,"60",15
729,2,"60",15
730,2,"60",15
731,2,"60",15
732,2,"60",15
733,2,"60",15
734,2,"60",15
735,2,"60",15
736,2,"60",15
737,2,"60",15
738,2,"60",15
739,2,"60",15
740,2,"60",15
741,2,"60",15
742,2,"60",15
743,2,"60",15
744,2,"60",15
745,2,"60",15
746,2,"60",15
747,2,"60",15
748,2,"60",15
749,2,"60",15
750,2,"60",15
751,2,"60",15
752,2,"60",15
753,2,"60",15
754,2,"60",15
755,2,"60",15
756,2,"60",15
757,2,"60",15
758,2,"60",15
759,2,"60",15
760,2,"60",15
761,2,"60",15
762,2,"60",15
763,2,"60",15
764,2,"60",15
765,2,"60",15
766,2,"60",15
767,2,"60",15
768,2,"60",15
769,2,"60",15
770,2,"60",15
771,2,"60",15
772,2,"60",15
773,2,"60",15
774,2,"60",15
775,2,"60",15
776,2,"60",15
777,2,"60",15
778,2,"60",15
779,2,"60",15
780,2,"60",15
781,2,"60",15
782,2,"60",15
783,2,"60",15
784,2,"60",15
785,2,"60",15
786,2,"60",15
787,2,"60",15
788,2,"60",15
789,2,"60",15
790,2,"60",15
791,2,"60",15
792,2,"60",15
793,2,"60",15
794,2,"60",15
795,2,"60",15
796,2,"60",15
797,2,"60",15
798,2,"60",15
799,2,"60",15
800,2,"60",15
801,2,"60",15
802,2,"60",15
803,2,"60",15
804,2,"60",15
805,2,"60",15
806,2,"60",15
807,2,"60",15
808,2,"60",15
809,2,"60",15
810,2,"60",15
811,2,"60",15
812,2,"60",15
813,2,"60",15
814,2,"60",15
815,2,"60",15
816,2,"60",15
817,2,"60",15
818,2,"60",15
819,2,"60",15
820,2,"60",15
821,2,"60",15
822,2,"60",15
823,2,"60",15
824,2,"60",15
825,2,"60",15
826,2,"60",15
827,2,"60",15
828,2,"60",15
829,2,"60",15
830,2,"60",15
831,2,"60",15
832,2,"60",15
833,2,"60",15
834,2,"60",15
835,2,"60",15
836,2,"60",15
837,2,"60",15
838,2,"60",15
839,2,"60",15
840,2,"60",15
841,2,"60",15
842,2,"60",15
843,2,"60",15
844,2,"60",15
845,2,"60",15
846,2,"60",15
847,2,"60",15
848,2,"60",15
849,2,"60",15
850,2,"60",15
851,2,"60",15
852,2,"60",15
853,2,"60",15
854,2,"60",15
855,2,"60",15
856,2,"60",15
857,2,"60",15
858,2,"60",15
859,2,"60",15
860,2,"60",15
861,2,"60",15
862,2,"60",15
863,2,"60",15
864,2,"60",15
865,2,"60",15
866,2,"60",15
867,2,"60",15
868,2,"60",15
869,2,"60",15
870,2,"60",15
871,2,"60",15
872,2,"60",15
873,2,"60",15
874,2,"60",15
875,2,"60",15
876,2,"60",15
877,2,"60",15
878,2,"60",15
879,2,"60",15
880,2,"60",15
881,2,"60",15
882,2,"60",15
883,2,"60",15
884,2,"60",15
885,2,"60",15
886,2,"60",15
887,2,"60",15
888,2,"60",15
889,2,"60",15
890,2,"60",15
891,2,"60",15
892,2,"60",15
893,2,"60",15
894,2,"60",15
895,2,"60",15
896,2,"60",15
897,2,"60",15
898,2,"60",15
899,2,"60",15
900,2,"60",15
901,2,"60",15
902,2,"60",15
903,2,"60",15
904,2,"60",15
905,2,"60",15
906,2,"60",15
907,2,"60",15
908,2,"60",15
909,2,"60",15
910,2,"60",15
911,2,"60",15
912,2,"60",15
913,2,"60",15
914,2,"60",15
915,2,"60",15
916,2,"60",15
917,2,"60",15
918,2,"60",15
919,2,"60",15
920,2,"60",15
921,2,"60",15
922,2,"60",15
923,2,"60",15
924,2,"60",15
925,2,"60",15
926,2,"60",15
927,2,"60",15
928,2,"60",15
929,2,"60",15
930,2,"60",15
931,2,"60",15
932,2,"60",15
933,2,"60",15
934,2,"60",15
935,2,"60",15
936,2,"60",15
937,2,"60",15
938,2,"60",15
939,2,"60",15
940,2,"60",15
941,2,"60",15
942,2,"60",15
943,2,"60",15
944,2,"60",15
945,2,"60",15
946,2,"60",15
947,2,"60",15
948,2,"60",15
949,2,"60",15
950,2,"60",15
951,2,"60",15
952,2,"60",15
953,2,"60",15
954,2,"60",15
955,2,"60",15
956,2,"60",15
957,2,"60",15
958,2,"60",15
959,2,"60",15
960,2,"60",15
961,2,"60",15
962,2,"60",15
963,2,"60",15
964,2,"60",15
965,2,"60",15
966,2,"60",15
967,2,"60",15
968,2,"60",15
969,2,"60",15
970,2,"60",15
971,2,"60",15
972,2,"60",15
973,2,"60",15
974,2,"60",15
975,2,"60",15
976,2,"60",15
977,2,"60",15
978,2,"60",15
979,2,"60",15
980,2,"60",15
981,2,"60",15
982,2,"60",15
983,2,"60",15
984,2,"60",15
985,2,"60",15
986,2,"60",15
987,2,"60",15
988,2,"60",15
989,2,"60",15
990,2,"60",15
991,2,"60",15
992,2,"60",15
993,2,"60",15
994,2,"60",15
995,2,"60",15
996,2,"60",15
997,2,"60",15
998,2,"60",15
999,2,"60",15
1000,2,"60",15
1001,2,"60",15
1002,2,"60",15
1003,2,"60",15
1004,2,"60",15
1005,2,"60",15
1006,2,"60",15
1007,2,"60",15
1008,2,"60",15
1009,2,"60",15
1010,2,"60",15
1011,2,"60",15
1012,2,"60",15
1013,2,"60",15
1014,2,"60",15
1015,2,"60",15
1016,2,"60",15
1017,2,"60",15
1018,2,"60",15
1019,2,"60",15
1020,2,"60",15
1021,2,"60",15
1022,2,"60",15
1023,2,"60",15
1024,2,"60",15
1025,2,"60",15
1026,2,"60",15
1027,2,"60",15
1028,2,"60",15
1029,2,"60",15
1030,2,"60",15
1031,2,"60",15
1032,2,"60",15
1033,2,"60",15
1034,2,"60",15
1035,2,"60",15
1036,2,"60",15
1037,2,"60",15
1038,2,"60",15
1039,2,"60",15
1040,2,"60",15
1041,2,"60",15
1042,2,"60",15
1043,2,"60",15
1044,2,"60",15
1045,2,"60",15
1046,2,"60",15
1047,2,"60",15
1048,2,"60",15
1049,2,"60",15
1050,2,"60",15
1051,2,"60",15
1052,2,"60",15
1053,2,"60",15
1054,2,"60",15
1055,2,"60",15
1056,2,"60",15
1057,2,"60",15
1058,2,"60",15
1059,2,"60",15
1060,2,"60",15
1061,2,"60",15
1062,2,"60",15
1063,2,"60",15
1064,2,"60",15
1065,2,"60",15
1066,2,"60",15
1067,2,"60",15
1068,2,"60",15
1069,2,"60",15
1070,2,"60",15
1071,2,"60",15
1072,2,"60",15
1073,2,"60",15
1074,2,"60",15
1075,2,"60",15
1076,2,"60",15
1077,2,"60",15
1078,2,"60",15
1079,2,"60",15
1080,2,"60",15
1081,2,"60",15
1082,2,"60",15
1083,2,"60",15
1084,2,"60",15
1085,2,"60",15
1086,2,"60",15
1087,2,"60",15
1088,2,"60",15
1089,2,"60",15
1090,2,"60",15
1091,2,"60",15
1092,2,"60",15
1093,2,"60",15
1094,2,"60",15
1095,2,"60",15
1096,2,"60",15
1097,2,"60",15
1098,2,"60",15
1099,2,"60",15
1100,2,"60",15
1101,2,"60",15
1102,2,"60",15
1103,2,"60",15
1104,2,"60",15
1105,2,"60",15
1106,2,"60",15
1107,2,"60",15
1108,2,"60",15
1109,2,"60",15
1110,2,"60",15
1111,2,"60",15
1112,2,"60",15
1113,2,"60",15
1114,2,"60",15
1115,2,"60",15
1116,2,"60",15
1117,2,"60",15
1118,2,"60",15
1119,2,"60",15
1120,2,"60",15
1121,2,"60",15
1122,2,"60",15
1123,2,"60",15
1124,2,"60",15
1125,2,"60",15
1126,2,"60",15
1127,2,"60",15
1128,2,"60",15
1129,2,"60",15
1130,2,"60",15
1131,2,"60",15
1132,2,"60",15
1133,2,"60",15
1134,2,"60",15
1135,2,"60",15
1136,2,"60",15
1137,2,"60",15
1138,2,"60",15
1139,2,"60",15
1140,2,"60",15
1141,2,"60",15
1142,2,"60",15
1143,2,"60",15
1144,2,"60",15
1145,2,"60",15
1146,2,"60",15
1147,2,"60",15
1148,2,"60",15
1149,2,"60",15
1150,2,"60",15
1151,2,"60",15
1152,2,"60",15
1153,2,"60",15
1154,2,"60",15
1155,2,"60",15
1156,2,"60",15
1157,2,"60",15
1158,2,"60",15
1159,2,"60",15
1160,2,"60",15
1161,2,"60",15
1162,2,"60",15
1163,2,"60",15
1164,2,"60",15
1165,2,"60",15
1166,2,"60",15
1167,2,"60",15
1168,2,"60",15
1169,2,"60",15
1170,2,"60",15
1171,2,"60",15
1172,2,"60",15
1173,2,"60",15
1174,2,"60",15
1175,2,"60",15
1176,2,"60",15
1177,2,"60",15
1178,2,"60",15
1179,2,"60",15
1180,2,"60",15
1181,2,"60",15
1182,2,"60",15
1183,2,"60",15
1184,2,"60",15
1185,2,"60",15
1186,2,"60",15
1187,2,"60",15
1188,2,"60",15
1189,2,"60",15
1190,2,"60",15
1191,2,"60",15
1192,2,"60",15
1193,2,"60",15
1194,2,"60",15
1195,2,"60",15
1196,2,"60",15
1197,2,"60",15
1198,2,"60",15
1199,2,"60",15
1200,2,"60",15
1201,2,"60",15
1202,2,"60",15
1203,2,"60",15
1204,2,"60",15
1205,2,"60",15
1206,2,"60",15
1207,2,"60",15
1208,2,"60",15
1209,2,"60",15
1210,2,"60",15
1211,2,"60",15
1212,2,"60",15
1213,2,"60",15
1214,2,"60",15
1215,2,"60",15
1216,2,"60",15
1217,2,"60",15
1218,2,"60",15
1219,2,"60",15
1220,2,"60",15
1221,2,"60",15
1222,2,"60",15
1223,2,"60",15
1224,2,"60",15
1225,2,"60",15
1226,2,"60",15
1227,2,"60",15
1228,2,"60",15
1229,2,"60",15
1230,2,"60",15
1231,2,"60",15
1232,2,"60",15
1233,2,"60",15
1234,2,"60",15
1235,2,"60",15
1236,2,"60",15
1237,2,"60",15
1238,2,"60",15
1239,2,"60",15
1240,2,"60",15
1241,2,"60",15
1242,2,"60",15
1243,2,"60",15
1244,2,"60",15
1245,2,"60",15
1246,2,"60",15
1247,2,"60",15
1248,2,"60",15
1249,2,"60",15
1250,2,"60",15
1251,2,"60",15
1252,2,"60",15
1253,2,"60",15
1254,2,"60",15
1255,2,"60",15
1256,2,"60",15
1257,2,"60",15
1258,2,"60",15
1259,2,"60",15
1260,2,"60",15
1261,2,"60",15
1262,2,"60",15
1263,2,"60",15
1264,2,"60",15
1265,2,"60",15
1266,2,"60",15
1267,2,"60",15
1268,2,"60",15
1269,2,"60",15
1270,2,"60",15
1271,2,"60",15
1272,2,"60",15
1273,2,"60",15
1274,2,"60",15
1275,2,"60",15
1276,2,"60",15
1277,2,"60",15
1278,2,"60",15
1279,2,"60",15
1280,2,"60",15
1281,2,"60",15
1282,2,"60",15
1283,2,"60",15
1284,2,"60",15
1285,2,"60",15
1286,2,"60",15
1287,2,"60",15
1288,2,"60",15
1289,2,"60",15
1290,2,"60",15
1291,2,"60",15
1292,2,"60",15
1293,2,"60",15
1294,2,"60",15
1295,2,"60",15
1296,2,"60",15
1297,2,"60",15
1298,2,"60",15
1299,2,"60",15
1300,2,"60",15
1301,2,"60",15
1302,2,"60",15
1303,2,"60",15
1304,2,"60",15
1305,2,"60",15
1306,2,"60",15
1307,2,"60",15
1308,2,"60",15
1309,2,"60",15
1310,2,"60",15
1311,2,"60",15
1312,2,"60",15
1313,2,"60",15
1314,2,"60",15
1315,2,"60",15
1316,2,"60",15
1317,2,"60",15
1318,2,"60",15
1319,2,"60",15
1320,2,"60",15
1321,2,"60",15
1322,2,"60",15
1323,2,"60",15
1324,2,"60",15
1325,2,"60",15
1326,2,"60",15
1327,2,"60",15
1328,2,"60",15
1329,2,"60",15
1330,2,"60",15
1331,2,"60",15
1332,2,"60",15
1333,2,"60",15
1334,2,"60",15
1335,2,"60",15
1336,2,"60",15
1337,2,"60",15
1338,2,"60",15
1339,2,"60",15
1340,2,"60",15
1341,2,"60",15
1342,2,"60",15
1343,2,"60",15
1344,2,"60",15
1345,2,"60",15
1346,2,"60",15
1347,2,"60",15
1348,2,"60",15
1349,2,"60",15
1350,2,"60",15
1351,2,"60",15
1352,2,"60",15
1353,2,"60",15
1354,2,"60",15
1355,2,"60",15
1356,2,"60",15
1357,2,"60",15
1358,2,"60",15
1359,2,"60",15
1360,2,"60",15
1361,2,"60",15
1362,2,"60",15
1363,2,"60",15
1364,2,"60",15
1365,2,"60",15
1366,2,"60",15
1367,2,"60",15
1368,2,"60",15
1369,2,"60",15
1370,2,"60",15
1371,2,"60",15
1372,2,"60",15
1373,2,"60",15
1374,2,"60",15
1375,2,"60",15
1376,2,"60",15
1377,2,"60",15
1378,2,"60",15
1379,2,"60",15
1380,2,"60",15
1381,2,"60",15
1382,2,"60",15
1383,2,"60",15
1384,2,"60",15
1385,2,"60",15
1386,2,"60",15
1387,2,"60",15
1388,2,"60",15
1389,2,"60",15
1390,2,"60",15
1391,2,"60",15
1392,2,"60",15
1393,2,"60",15
1394,2,"60",15
1395,2,"60",15
1396,2,"60",15
1397,2,"60",15
1398,2,"60",15
1399,2,"60",15
1400,2,"60",15
1401,2,"60",15
1402,2,"60",15
1403,2,"60",15
1404,2,"60",15
1405,2,"60",15
1406,2,"60",15
1407,2,"60",15
1408,2,"60",15
1409,2,"60",15
1410,2,"60",15
1411,2,"60",15
1412,2,"60",15
1413,2,"60",15
1414,2,"60",15
1415,2,"60",15
1416,2,"60",15
1417,2,"60",15
1418,2,"60",15
1419,2,"60",15
1420,2,"60",15
1421,2,"60",15
1422,2,"60",15
1423,2,"60",15
1424,2,"60",15
1425,2,"60",15
1426,2,"60",15
1427,2,"60",15
1428,2,"60",15
1429,2,"60",15
1430,2,"60",15
1431,2,"60",15
1432,2,"60",15
1433,2,"60",15
1434,2,"60",15
1435,2,"60",15
1436,2,"60",15
1437,2,"60",15
1438,2,"60",15
1439,2,"60",15
1440,2,"60",15
1441,2,"60",15
1442,2,"60",15
1443,2,"60",15
1444,2,"60",15
1445,2,"60",15
1446,2,"60",15
1447,2,"60",15
1448,2,"60",15
1449,2,"60",15
1450,2,"60",15
1451,2,"60",15
1452,2,"60",15
1453,2,"60",15
1454,2,"60",15
1455,2,"60",15
1456,2,"60",15
1457,2,"60",15
1458,2,"60",15
1459,2,"60",15
1460,2,"60",15
1461,2,"60",15
1462,2,"60",15
1463,2,"60",15
1464,2,"60",15
1465,2,"60",15
1466,2,"60",15
1467,2,"60",15
1468,2,"60",15
1469,2,"60",15
1470,2,"60",15
1471,2,"60",15
1472,2,"60",15
1473,2,"60",15
1474,2,"60",15
1475,2,"60",15
1476,2,"60",15
1477,2,"60",15
1478,2,"60",15
1479,2,"60",15
1480,2,"60",15
1481,2,"60",15
1482,2,"60",15
1483,2,"60",15
1484,2,"60",15
1485,2,"60",15
1486,2,"60",15
1487,2,"60",15
1488,2,"60",15
1489,2,"60",15
1490,2,"60",15
1491,2,"60",15
1492,2,"60",15
1493,2,"60",15
1494,2,"60",15
1495,2,"60",15
1496,2,"60",15
1497,2,"60",15
1498,2,"60",15
1499,2,"60",15
1500,2,"60",15
1501,2,"60",15
1502,2,"60",15
1503,2,"60",15
1504,2,"60",15
1505,2,"60",15
1506,2,"60",15
1507,2,"60",15
1508,2,"60",15
1509,2,"60",15
1510,2,"60",15
1511,2,"60",15
1512,2,"60",15
1513,2,"60",15
1514,2,"60",15
1515,2,"60",15
1516,2,"60",15
1517,2,"60",15
1518,2,"60",15
1519,2,"60",15
1520,2,"60",15
1521,2,"60",15
1522,2,"60",15
1523,2,"60",15
1524,2,"60",15
1525,2,"60",15
1526,2,"60",15
1527,2,"60",15
1528,2,"60",15
1529,2,"60",15
1530,2,"60",15
1531,2,"60",15
1532,2,"60",15
1533,2,"60",15
1534,2,"60",15
1535,2,"60",15
1536,2,"60",15
1537,2,"60",15
1538,2,"60",15
1539,2,"60",15
1540,2,"60",15
1541,2,"60",15
1542,2,"60",15
1543,2,"60",15
1544,2,"60",15
1545,2,"60",15
1546,2,"60",15
1547,2,"60",15
1548,2,"60",15
1549,2,"60",15
1550,2,"60",15
1551,2,"60",15
1552,2,"60",15
1553,2,"60",15
1554,2,"60",15
1555,2,"60",15
1556,2,"60",15
1557,2,"60",15
1558,2,"60",15
1559,2,"60",15
1560,2,"60",15
1561,2,"60",15
1562,2,"60",15
1563,2,"60",15
1564,2,"60",15
1565,2,"60",15
1566,2,"60",15
1567,2,"60",15
1568,2,"60",15
1569,2,"60",15
1570,2,"60",15
1571,2,"60",15
1572,2,"60",15
1573,2,"60",15
1574,2,"60",15
1575,2,"60",15
1576,2,"60",15
1577,2,"60",15
1578,2,"60",15
1579,2,"60",15
1580,2,"60",15
1581,2,"60",15
1582,2,"60",15
1583,2,"60",15
1584,2,"60",15
1585,2,"60",15
1586,2,"60",15
1587,2,"60",15
1588,2,"60",15
1589,2,"60",15
1590,2,"60",15
1591,2,"60",15
1592,2,"60",15
1593,2,"60",15
1594,2,"60",15
1595,2,"60",15
1596,2,"60",15
1597,2,"60",15
1598,2,"60",15
1599,2,"60",15
1600,2,"60",15
1601,2,"60",15
1602,2,"60",15
1603,2,"60",15
1604,2,"60",15
1605,2,"60",15
1606,2,"60",15
1607,2,"60",15
1608,2,"60",15
1609,2,"60",15
1610,2,"60",15
1611,2,"60",15
1612,2,"60",15
1613,2,"60",15
1614,2,"60",15
1615,2,"60",15
1616,2,"60",15
1617,2,"60",15
1618,2,"60",15
1619,2,"60",15
1620,2,"60",15
1621,2,"60",15
1622,2,"60",15
1623,2,"60",15
1624,2,"60",15
1625,2,"60",15
1626,2,"60",15
1627,2,"60",15
1628,2,"60",15
1629,2,"60",15
1630,2,"60",15
1631,2,"60",15
1632,2,"60",15
1633,2,"60",15
1634,2,"60",15
1635,2,"60",15
1636,2,"60",15
1637,2,"60",15
1638,2,"60",15
1639,2,"60",15
1640,2,"60",15
1641,2,"60",15
1642,2,"60",15
1643,2,"60",15
1644,2,"60",15
1645,2,"60",15
1646,2,"60",15
1647,2,"60",15
1648,2,"60",15
1649,2,"60",15
1650,2,"60",15
1651,2,"60",15
1652,2,"60",15
1653,2,"60",15
1654,2,"60",15
1655,2,"60",15
1656,2,"60",15
1657,2,"60",15
1658,2,"60",15
1659,2,"60",15
1660,2,"60",15
1661,2,"60",15
1662,2,"60",15
1663,2,"60",15
1664,2,"60",15
1665,2,"60",15
1666,2,"60",15
1667,2,"60",15
1668,2,"60",15
1669,2,"60",15
1670,2,"60",15
1671,2,"60",15
1672,2,"60",15
1673,2,"60",15
1674,2,"60",15
1675,2,"60",15
1676,2,"60",15
1677,2,"60",15
1678,2,"60",15
1679,2,"60",15
1680,2,"60",15
1681,2,"60",15
1682,2,"60",15
1683,2,"60",15
1684,2,"60",15
1685,2,"60",15
1686,2,"60",15
1687,2,"60",15
1688,2,"60",15
1689,2,"60",15
1690,2,"60",15
1691,2,"60",15
1692,2,"60",15
1693,2,"60",15
1694,2,"60",15
1695,2,"60",15
1696,2,"60",15
1697,2,"60",15
1698,2,"60",15
1699,2,"60",15
1700,2,"60",15
1701,2,"60",15
1702,2,"60",15
1703,2,"60",15
1704,2,"60",15
1705,2,"60",15
1706,2,"60",15
1707,2,"60",15
1708,2,"60",15
1709,2,"60",15
1710,2,"60",15
1711,2,"60",15
1712,2,"60",15
1713,2,"60",15
1714,2,"60",15
1715,2,"60",15
1716,2,"60",15
1717,2,"60",15
1718,2,"60",15
1719,2,"60",15
1720,2,"60",15
1721,2,"60",15
1722,2,"60",15
1723,2,"60",15
1724,2,"60",15
1725,2,"60",15
1726,2,"60",15
1727,2,"60",15
1728,2,"60",15
1729,2,"60",15
1730,2,"60",15
1731,2,"60",15
1732,2,"60",15
1733,2,"60",15
1734,2,"60",15
1735,2,"60",15
1736,2,"60",15
1737,2,"60",15
1738,2,"60",15
1739,2,"60",15
1740,2,"60",15
1741,2,"60",15
1742,2,"60",15
1743,2,"60",15
1744,2,"60",15
1745,2,"60",15
1746,2,"60",15
1747,2,"60",15
1748,2,"60",15
1749,2,"60",15
1750,2,"60",15
1751,2,"60",15
1752,2,"60",15
1753,2,"60",15
1754,2,"60",15
1755,2,"60",15
1756,2,"60",15
1757,2,"60",15
1758,2,"60",15
1759,2,"60",15
1760,2,"60",15
1761,2,"60",15
1762,2,"60",15
1763,2,"60",15
1764,2,"60",15
1765,2,"60",15
1766,2,"60",15
1767,2,"60",15
1768,2,"60",15
1769,2,"60",15
1770,2,"60",15
1771,2,"60",15
1772,2,"60",15
1773,2,"60",15
1774,2,"60",15
1775,2,"60",15
1776,2,"60",15
1777,2,"60",15
1778,2,"60",15
1779,2,"60",15
1780,2,"60",15
1781,2,"60",15
1782,2,"60",15
1783,2,"60",15
1784,2,"60",15
1785,2,"60",15
1786,2,"60",15
1787,2,"60",15
1788,2,"60",15
1789,2,"60",15
1790,2,"60",15
1791,2,"60",15
1792,2,"60",15
1793,2,"60",15
1794,2,"60",15
1795,2,"60",15
1796,2,"60",15
1797,2,"60",15
1798,2,"60",15
1799,2,"60",15
1800,2,"60",15
1801,2,"60",15
1802,2,"60",15
1803,2,"60",15
1804,2,"60",15
1805,2,"60",15
1806,2,"60",15
1807,2,"60",15
1808,2,"60",15
1809,2,"60",15
1810,2,"60",15
1811,2,"60",15
1812,2,"60",15
1813,2,"60",15
1814,2,"60",15
1815,2,"60",15
1816,2,"60",15
1817,2,"60",15
1818,2,"60",15
1819,2,"60",15
1820,2,"60",15
1821,2,"60",15
1822,2,"60",15
1823,2,"60",15
1824,2,"60",15
1825,2,"60",15
1826,2,"60",15
1827,2,"60",15
1828,2,"60",15
1829,2,"60",15
1830,2,"60",15
1831,2,"60",15
1832,2,"60",15
1833,2,"60",15
1834,2,"60",15
1835,2,"60",15
1836,2,"60",15
1837,2,"60",15
1838,2,"60",15
1839,2,"60",15
1840,2,"60",15
1841,2,"60",15
1842,2,"60",15
1843,2,"60",15
1844,2,"60",15
1845,2,"60",15
1846,2,"60",15
1847,2,"60",15
1848,2,"60",15
1849,2,"60",15
1850,2,"60",15
1851,2,"60",15
1852,2,"60",15
1853,2,"60",15
1854,2,"60",15
1855,2,"60",15
1856,2,"60",15
1857,2,"60",15
1858,2,"60",15
1859,2,"60",15
1860,2,"60",15
1861,2,"60",15
1862,2,"60",15
1863,2,"60",15
1864,2,"60",15
1865,2,"60",15
1866,2,"60",15
1867,2,"60",15
1868,2,"60",15
1869,2,"60",15
1870,2,"60",15
1871,2,"60",15
1872,2,"60",15
1873,2,"60",15
1874,2,"60",15
1875,2,"60",15
1876,2,"60",15
1877,2,"60",15
1878,2,"60",15
1879,2,"60",15
1880,2,"60",15
1881,2,"60",15
1882,2,"60",15
1883,2,"60",15
1884,2,"60",15
1885,2,"60",15
1886,2,"60",15
1887,2,"60",15
1888,2,"60",15
1889,2,"60",15
1890,2,"60",15
1891,2,"60",15
1892,2,"60",15
1893,2,"60",15
1894,2,"60",15
1895,2,"60",15
1896,2,"60",15
1897,2,"60",15
1898,2,"60",15
1899,2,"60",15
1900,2,"60",15
1901,2,"60",15
1902,2,"60",15
1903,2,"60",15
1904,2,"60",15
1905,2,"60",15
1906,2,"60",15
1907,2,"60",15
1908,2,"60",15
1909,2,"60",15
1910,2,"60",15
1911,2,"60",15
1912,2,"60",15
1913,2,"60",15
1914,2,"60",15
1915,2,"60",15
1916,2,"60",15
1917,2,"60",15
1918,2,"60",15
1919,2,"60",15
1920,2,"60",15
1921,2,"60",15
1922,2,"60",15
1923,2,"60",15
1924,2,"60",15
1925,2,"60",15
1926,2,"60",15
1927,2,"60",15
1928,2,"60",15
1929,2,"60",15
1930,2,"60",15
1931,2,"60",15
1932,2,"60",15
1933,2,"60",15
1934,2,"60",15
1935,2,"60",15
1936,2,"60",15
1937,2,"60",15
1938,2,"60",15
1939,2,"60",15
1940,2,"60",15
1941,2,"60",15
1942,2,"60",15
1943,2,"60",15
1944,2,"60",15
1945,2,"60",15
1946,2,"60",15
1947,2,"60",15
1948,2,"60",15
1949,2,"60",15
1950,2,"60",15
1951,2,"60",15
1952,2,"60",15
1953,2,"60",15
1954,2,"60",15
1955,2,"60",15
1956,2,"60",15
1957,2,"60",15
1958,2,"60",15
1959,2,"60",15
1960,2,"60",15
1961,2,"60",15
1962,2,"60",15
1963,2,"60",15
1964,2,"60",15
1965,2,"60",15
1966,2,"60",15
1967,2,"60",15
1968,2,"60",15
1969,2,"60",15
1970,2,"60",15
1971,2,"60",15
1972,2,"60",15
1973,2,"60",15
1974,2,"60",15
1975,2,"60",15
1976,2,"60",15
1977,2,"60",15
1978,2,"60",15
1979,2,"60",15
1980,2,"60",15
1981,2,"60",15
1982,2,"60",15
1983,2,"60",15
1984,2,"60",15
1985,2,"60",15
1986,2,"60",15
1987,2,"60",15
1988,2,"60",15
1989,2,"60",15
1990,2,"60",15
1991,2,"60",15
1992,2,"60",15
1993,2,"60",15
1994,2,"60",15
1995,2,"60",15
1996,2,"60",15
1997,2,"60",15
1998,2,"60",15
1999,2,"60",15
2000,2,"60",15
2001,2,"60",15
2002,2,"60",15
2003,2,"60",15
2004,2,"60",15
2005,2,"60",15
2006,2,"60",15
2007,2,"60",15
2008,2,"60",15
2009,2,"60",15
2010,2,"60",15
2011,2,"60",15
2012,2,"60",15
2013,2,"60",15
2014,2,"60",15
2015,2,"60",15
2016,2,"60",15
2017,2,"60",15
2018,2,"60",15
2019,2,"60",15
2020,2,"60",15
2021,2,"60",15
2022,2,"60",15
2023,2,"60",15
2024,2,"60",15
2025,2,"60",15
2026,2,"60",15
2027,2,"60",15
2028,2,"60",15
2029,2,"60",15
2030,2,"60",15
2031,2,"60",15
2032,2,"60",15
2033,2,"60",15
2034,2,"60",15
2035,2,"60",15
2036,2,"60",15
2037,2,"60",15
2038,2,"60",15
2039,2,"60",15
2040,2,"60",15
2041,2,"60",15
2042,2,"60",15
2043,2,"60",15
2044,2,"60",15
2045,2,"60",15
2046,2,"60",15
2047,2,"60",15
2048,2,"60",15
2049,2,"60",15
2050,2,"60",15
2051,2,"60",15
2052,2,"60",15
2053,2,"60",15
2054,2,"60",15
2055,2,"60",15
2056,2,"60",15
2057,2,"60",15
2058,2,"60",15
2059,2,"60",15
2060,2,"60",15
2061,2,"60",15
2062,2,"60",15
2063,2,"60",15
2064,2,"60",15
2065,2,"60",15
2066,2,"60",15
2067,2,"60",15
2068,2,"60",15
2069,2,"60",15
2070,2,"60",15
2071,2,"60",15
2072,2,"60",15
2073,2,"60",15
2074,2,"60",15
2075,2,"60",15
2076,2,"60",15
2077,2,"60",15
2078,2,"60",15
2079,2,"60",15
2080,2,"60",15
2081,2,"60",15
2082,2,"60",15
2083,2,"60",15
2084,2,"60",15
2085,2,"60",15
2086,2,"60",15
2087,2,"60",15
2088,2,"60",15
2089,2,"60",15
2090,2,"60",15
2091,2,"60",15
2092,2,"60",15
2093,2,"60",15
2094,2,"60",15
2095,2,"60",15
2096,2,"60",15
2097,2,"60",15
2098,2,"60",15
2099,2,"60",15
2100,2,"60",15
2101,2,"60",15
2102,2,"60",15
2103,2,"60",15
2104,2,"60",15
2105,2,"60",15
2106,2,"60",15
2107,2,"60",15
2108,2,"60",15
2109,2,"60",15
2110,2,"60",15
2111,2,"60",15
2112,2,"60",15
2113,2,"60",15
2114,2,"60",15
2115,2,"60",15
2116,2,"60",15
2117,2,"60",15
2118,2,"60",15
2119,2,"60",15
2120,2,"60",15
2121,2,"60",15
2122,2,"60",15
2123,2,"60",15
2124,2,"60",15
2125,2,"60",15
2126,2,"60",15
2127,2,"60",15
2128,2,"60",15
2129,2,"60",15
2130,2,"60",15
2131,2,"60",15
2132,2,"60",15
2133,2,"60",15
2134,2,"60",15
2135,2,"60",15
2136,2,"60",15
2137,2,"60",15
2138,2,"60",15
2139,2,"60",15
2140,2,"60",15
2141,2,"60",15
2142,2,"60",15
2143,2,"60",15
2144,2,"60",15
2145,2,"60",15
2146,2,"60",15
2147,2,"60",15
2148,2,"60",15
2149,2,"60",15
2150,2,"60",15
2151,2,"60",15
2152,2,"60",15
2153,2,"60",15
2154,2,"60",15
2155,2,"60",15
2156,2,"60",15
2157,2,"60",15
2158,2,"60",15
2159,2,"60",15
2160,2,"60",15
2161,2,"60",15
2162,2,"60",15
2163,2,"60",15
2164,2,"60",15
2165,2,"60",15
2166,2,"60",15
2167,2,"60",15
2168,2,"60",15
2169,2,"60",15
2170,2,"60",15
2171,2,"60",15
2172,2,"60",15
2173,2,"60",15
2174,2,"60",15
2175,2,"60",15
2176,2,"60",15
2177,2,"60",15
2178,2,"60",15
2179,2,"60",15
2180,2,"60",15
2181,2,"60",15
2182,2,"60",15
2183,2,"60",15
2184,2,"60",15
2185,2,"60",15
2186,2,"60",15
2187,2,"60",15
2188,2,"60",15
2189,2,"60",15
2190,2,"60",15
2191,2,"60",15
2192,2,"60",15
2193,2,"60",15
2194,2,"60",15
2195,2,"60",15
2196,2,"60",15
2197,2,"60",15
2198,2,"60",15
2199,2,"60",15
2200,2,"60",15
2201,2,"60",15
2202,2,"60",15
2203,2,"60",15
2204,2,"60",15
2205,2,"60",15
2206,2,"60",15
2207,2,"60",15
2208,2,"60",15
2209,2,"60",15
2210,2,"60",15
2211,2,"60",15
2212,2,"60",15
2213,2,"60",15
2214,2,"60",15
2215,2,"60",15
2216,2,"60",15
2217,2,"60",15
2218,2,"60",15
2219,2,"60",15
2220,2,"60",15
2221,2,"60",15
2222,2,"60",15
2223,2,"60",15
2224,2,"60",15
2225,2,"60",15
2226,2,"60",15
2227,2,"60",15
2228,2,"60",15
2229,2,"60",15
2230,2,"60",15
2231,2,"60",15
2232,2,"60",15
2233,2,"60",15
2234,2,"60",15
2235,2,"60",15
2236,2,"60",15
2237,2,"60",15
2238,2,"60",15
2239,2,"60",15
2240,2,"60",15
2241,2,"60",15
2242,2,"60",15
2243,2,"60",15
2244,2,"60",15
2245,2,"60",15
2246,2,"60",15
2247,2,"60",15
2248,2,"60",15
2249,2,"60",15
2250,2,"60",15
2251,2,"60",15
2252,2,"60",15
2253,2,"60",15
2254,2,"60",15
2255,2,"60",15
2256,2,"60",15
2257,2,"60",15
2258,2,"60",15
2259,2,"60",15
2260,2,"60",15
2261,2,"60",15
2262,2,"60",15
2263,2,"60",15
2264,2,"60",15
2265,2,"60",15
2266,2,"60",15
2267,2,"60",15
2268,2,"60",15
2269,2,"60",15
2270,2,"60",15
2271,2,"60",15
2272,2,"60",15
2273,2,"60",15
2274,2,"60",15
2275,2,"60",15
2276,2,"60",15
2277,2,"60",15
2278,2,"60",15
2279,2,"60",15
2280,2,"60",15
2281,2,"60",15
2282,2,"60",15
2283,2,"60",15
2284,2,"60",15
2285,2,"60",15
2286,2,"60",15
2287,2,"60",15
2288,2,"60",15
2289,2,"60",15
2290,2,"60",15
2291,2,"60",15
2292,2,"60",15
2293,2,"60",15
2294,2,"60",15
2295,2,"60",15
2296,2,"60",15
2297,2,"60",15
2298,2,"60",15
2299,2,"60",15
2300,2,"60",15
2301,2,"60",15
2302,2,"60",15
2303,2,"60",15
2304,2,"60",15
2305,2,"60",15
2306,2,"60",15
2307,2,"60",15
2308,2,"60",15
2309,2,"60",15
2310,2,"60",15
2311,2,"60",15
2312,2,"60",15
2313,2,"60",15
2314,2,"60",15
2315,2,"60",15
2316,2,"60",15
2317,2,"60",15
2318,2,"60",15
2319,2,"60",15
2320,2,"60",15
2321,2,"60",15
2322,2,"60",15
2323,2,"60",15
2324,2,"60",15
2325,2,"60",15
2326,2,"60",15
2327,2,"60",15
2328,2,"60",15
2329,2,"60",15
2330,2,"60",15
2331,2,"60",15
2332,2,"60",15
2333,2,"60",15
2334,2,"60",15
2335,2,"60",15
2336,2,"60",15
2337,2,"60",15
2338,2,"60",15
2339,2,"60",15
2340,2,"60",15
2341,2,"60",15
2342,2,"60",15
2343,2,"60",15
2344,2,"60",15
2345,2,"60",15
2346,2,"60",15
2347,2,"60",15
2348,2,"60",15
2349,2,"60",15
2350,2,"60",15
2351,2,"60",15
2352,2,"60",15
2353,2,"60",15
2354,2,"60",15
2355,2,"60",15
2356,2,"60",15
2357,2,"60",15
2358,2,"60",15
2359,2,"60",15
2360,2,"60",15
2361,2,"60",15
2362,2,"60",15
2363,2,"60",15
2364,2,"60",15
2365,2,"60",15
2366,2,"60",15
2367,2,"60",15
2368,2,"60",15
2369,2,"60",15
2370,2,"60",15
2371,2,"60",15
2372,2,"60",15
2373,2,"60",15
2374,2,"60",15
2375,2,"60",15
2376,2,"60",15
2377,2,"60",15
2378,2,"60",15
2379,2,"60",15
2380,2,"60",15
2381,2,"60",15
2382,2,"60",15
2383,2,"60",15
2384,2,"60",15
2385,2,"60",15
2386,2,"60",15
2387,2,"60",15
2388,2,"60",15
2389,2,"60",15
2390,2,"60",15
2391,2,"60",15
2392,2,"60",15
2393,2,"60",15
2394,2,"60",15
2395,2,"60",15
2396,2,"60",15
2397,2,"60",15
2398,2,"60",15
2399,2,"60",15
2400,2,"60",15
2401,2,"60",15
2402,2,"60",15
2403,2,"60",15
2404,2,"60",15
2405,2,"60",15
2406,2,"60",15
2407,2,"60",15
2408,2,"60",15
2409,2,"60",15
2410,2,"60",15
2411,2,"60",15
2412,2,"60",15
2413,2,"60",15
2414,2,"60",15
2415,2,"60",15
2416,2,"60",15
2417,2,"60",15
2418,2,"60",15
2419,2,"60",15
2420,2,"60",15
2421,2,"60",15
2422,2,"60",15
2423,2,"60",15
2424,2,"60",15
2425,2,"60",15
2426,2,"60",15
2427,2,"60",15
2428,2,"60",15
2429,2,"60",15
2430,2,"60",15
2431,2,"60",15
2432,2,"60",15
2433,2,"60",15
2434,2,"60",15
2435,2,"60",15
2436,2,"60",15
2437,2,"60",15
2438,2,"60",15
2439,2,"60",15
2440,2,"60",15
2441,2,"60",15
2442,2,"60",15
2443,2,"60",15
2444,2,"60",15
2445,2,"60",15
2446,2,"60",15
2447,2,"60",15
2448,2,"60",15
2449,2,"60",15
2450,2,"60",15
2451,2,"60",15
2452,2,"60",15
2453,2,"60",15
2454,2,"60",15
2455,2,"60",15
2456,2,"60",15
2457,2,"60",15
2458,2,"60",15
2459,2,"60",15
2460,2,"60",15
2461,2,"60",15
2462,2,"60",15
2463,2,"60",15
2464,2,"60",15
2465,2,"60",15
2466,2,"60",15
2467,2,"60",15
2468,2,"60",15
2469,2,"60",15
2470,2,"60",15
2471,2,"60",15
2472,2,"60",15
2473,2,"60",15
2474,2,"60",15
2475,2,"60",15
2476,2,"60",15
2477,2,"60",15
2478,2,"60",15
2479,2,"60",15
2480,2,"60",15
2481,2,"60",15
2482,2,"60",15
2483,2,"60",15
2484,2,"60",15
2485,2,"60",15
2486,2,"60",15
2487,2,"60",15
2488,2,"60",15
2489,2,"60",15
2490,2,"60",15
2491,2,"60",15
2492,2,"60",15
2493,2,"60",15
2494,2,"60",15
2495,2,"60",15
2496,2,"60",15
2497,2,"60",15
2498,2,"60",15
2499,2,"60",15
2500,2,"60",15
2501,2,"60",15
2502,2,"60",15
2503,2,"60",15
2504,2,"60",15
2505,2,"60",15
2506,2,"60",15
2507,2,"60",15
2508,2,"60",15
2509,2,"60",15
2510,2,"60",15
2511,2,"60",15
2512,2,"60",15
2513,2,"60",15
2514,2,"60",15
2515,2,"60",15
2516,2,"60",15
2517,2,"60",15
2518,2,"60",15
2519,2,"60",15
2520,2,"60",15
2521,2,"60",15
2522,2,"60",15
2523,2,"60",15
2524,2,"60",15
2525,2,"60",15
2526,2,"60",15
2527,2,"60",15
2528,2,"60",15
2529,2,"60",15
2530,2,"60",15
2531,2,"60",15
2532,2,"60",15
2533,2,"60",15
2534,2,"60",15
2535,2,"60",15
2536,2,"60",15
2537,2,"60",15
2538,2,"60",15
2539,2,"60",15
2540,2,"60",15
2541,2,"60",15
2542,2,"60",15
2543,2,"60",15
2544,2,"60",15
2545,2,"60",15
2546,2,"60",15
2547,2,"60",15
2548,2,"60",15
2549,2,"60",15
2550,2,"60",15
2551,2,"60",15
2552,2,"60",15
2553,2,"60",15
2554,2,"60",15
2555,2,"60",15
2556,2,"60",15
2557,2,"60",15
2558,2,"60",15
2559,2,"60",15
2560,2,"60",15
2561,2,"60",15
2562,2,"60",15
2563,2,"60",15
2564,2,"60",15
2565,2,"60",15
2566,2,"60",15
2567,2,"60",15
2568,2,"60",15
2569,2,"60",15
2570,2,"60",15
2571,2,"60",15
2572,2,"60",15
2573,2,"60",15
2574,2,"60",15
2575,2,"60",15
2576,2,"60",15
2577,2,"60",15
2578,2,"60",15
2579,2,"60",15
2580,2,"60",15
2581,2,"60",15
2582,2,"60",15
2583,2,"60",15
2584,2,"60",15
2585,2,"60",15
2586,2,"60",15
2587,2,"60",15
2588,2,"60",15
2589,2,"60",15
2590,2,"60",15
2591,2,"60",15
2592,2,"60",15
2593,2,"60",15
2594,2,"60",15
2595,2,"60",15
2596,2,"60",15
2597,2,"60",15
2598,2,"60",15
2599,2,"60",15
2600,2,"60",15
2601,2,"60",15
2602,2,"60",15
2603,2,"60",15
2604,2,"60",15
2605,2,"60",15
2606,2,"60",15
2607,2,"60",15
2608,2,"60",15
2609,2,"60",15
2610,2,"60",15
2611,2,"60",15
2612,2,"60",15
2613,2,"60",15
2614,2,"60",15
2615,2,"60",15
2616,2,"60",15
2617,2,"60",15
2618,2,"60",15
2619,2,"60",15
2620,2,"60",15
2621,2,"60",15
2622,2,"60",15
2623,2,"60",15
2624,2,"60",15
2625,2,"60",15
2626,2,"60",15
2627,2,"60",15
2628,2,"60",15
2629,2,"60",15
2630,2,"60",15
2631,2,"60",15
2632,2,"60",15
2633,2,"60",15
2634,2,"60",15
2635,2,"60",15
2636,2,"60",15
2637,2,"60",15
2638,2,"60",15
2639,2,"60",15
2640,2,"60",15
2641,2,"60",15
2642,2,"60",15
2643,2,"60",15
2644,2,"60",15
2645,2,"60",15
2646,2,"60",15
2647,2,"60",15
2648,2,"60",15
2649,2,"60",15
2650,2,"60",15
2651,2,"60",15
2652,2,"60",15
2653,2,"60",15
2654,2,"60",15
2655,2,"60",15
2656,2,"60",15
2657,2,"60",15
2658,2,"60",15
2659,2,"60",15
2660,2,"60",15
2661,2,"60",15
2662,2,"60",15
2663,2,"60",15
2664,2,"60",15
2665,2,"60",15
2666,2,"60",15
2667,2,"60",15
2668,2,"60",15
2669,2,"60",15
2670,2,"60",15
2671,2,"60",15
2672,2,"60",15
2673,2,"60",15
2674,2,"60",15
2675,2,"60",15
2676,2,"60",15
2677,2,"60",15
2678,2,"60",15
2679,2,"60",15
2680,2,"60",15
2681,2,"60",15
2682,2,"60",15
2683,2,"60",15
2684,2,"60",15
2685,2,"60",15
2686,2,"60",15
2687,2,"60",15
2688,2,"60",15
2689,2,"60",15
2690,2,"60",15
2691,2,"60",15
2692,2,"60",15
2693,2,"60",15
2694,2,"60",15
2695,2,"60",15
2696,2,"60",15
2697,2,"60",15
2698,2,"60",15
2699,2,"60",15
2700,2,"60",15
2701,2,"60",15
2702,2,"60",15
2703,2,"60",15
2704,2,"60",15
2705,2,"60",15
2706,2,"60",15
2707,2,"60",15
2708,2,"60",15
2709,2,"60",15
2710,2,"60",15
2711,2,"60",15
2712,2,"60",15
2713,2,"60",15
2714,2,"60",15
2715,2,"60",15
2716,2,"60",15
2717,2,"60",15
2718,2,"60",15
2719,2,"60",15
2720,2,"60",15
2721,2,"60",15
2722,2,"60",15
2723,2,"60",15
2724,2,"60",15
2725,2,"60",15
2726,2,"60",15
2727,2,"60",15
2728,2,"60",15
2729,2,"60",15
2730,2,"60",15
2731,2,"60",15
2732,2,"60",15
2733,2,"60",15
2734,2,"60",15
2735,2,"60",15
2736,2,"60",15
2737,2,"60",15
2738,2,"60",15
2739,2,"60",15
2740,2,"60",15
2741,2,"60",15
2742,2,"60",15
2743,2,"60",15
2744,2,"60",15
2745,2,"60",15
2746,2,"60",15
2747,2,"60",15
2748,2,"60",15
2749,2,"60",15
2750,2,"60",15
2751,2,"60",15
2752,2,"60",15
2753,2,"60",15
2754,2,"60",15
2755,2,"60",15
2756,2,"60",15
2757,2,"60",15
2758,2,"60",15
2759,2,"60",15
2760,2,"60",15
2761,2,"60",15
2762,2,"60",15
2763,2,"60",15
2764,2,"60",15
2765,2,"60",15
2766,2,"60",15
2767,2,"60",15
2768,2,"60",15
2769,2,"60",15
2770,2,"60",15
2771,2,"60",15
2772,2,"60",15
2773,2,"60",15
2774,2,"60",15
2775,2,"60",15
2776,2,"60",15
2777,2,"60",15
2778,2,"60",15
2779,2,"60",15
2780,2,"60",15
2781,2,"60",15
2782,2,"60",15
2783,2,"60",15
2784,2,"60",15
2785,2,"60",15
2786,2,"60",15
2787,2,"60",15
2788,2,"60",15
2789,2,"60",15
2790,2,"60",15
2791,2,"60",15
2792,2,"60",15
2793,2,"60",15
2794,2,"60",15
2795,2,"60",15
2796,2,"60",15
2797,2,"60",15
2798,2,"60",15
2799,2,"60",15
2800,2,"60",15
2801,2,"60",15
2802,2,"60",15
2803,2,"60",15
2804,2,"60",15
2805,2,"60",15
2806,2,"60",15
2807,2,"60",15
2808,2,"60",15
2809,2,"60",15
2810,2,"60",15
2811,2,"60",15
2812,2,"60",15
2813,2,"60",15
2814,2,"60",15
2815,2,"60",15
2816,2,"60",15
2817,2,"60",15
2818,2,"60",15
2819,2,"60",15
2820,2,"60",15
2821,2,"60",15
2822,2,"60",15
2823,2,"60",15
2824,2,"60",15
2825,2,"60",15
2826,2,"60",15
2827,2,"60",15
2828,2,"60",15
2829,2,"60",15
2830,2,"60",15
2831,2,"60",15
2832,2,"60",15
2833,2,"60",15
2834,2,"60",15
2835,2,"60",15
2836,2,"60",15
2837,2,"60",15
2838,2,"60",15
2839,2,"60",15
2840,2,"60",15
2841,2,"60",15
2842,2,"60",15
2843,2,"60",15
2844,2,"60",15
2845,2,"60",15
2846,2,"60",15
2847,2,"60",15
2848,2,"60",15
2849,2,"60",15
2850,2,"60",15
2851,2,"60",15
2852,2,"60",15
2853,2,"60",15
2854,2,"60",15
2855,2,"60",15
2856,2,"60",15
2857,2,"60",15
2858,2,"60",15
2859,2,"60",15
2860,2,"60",15
2861,2,"60",15
2862,2,"60",15
2863,2,"60",15
2864,2,"60",15
2865,2,"60",15
2866,2,"60",15
2867,2,"60",15
2868,2,"60",15
2869,2,"60",15
2870,2,"60",15
2871,2,"60",15
2872,2,"60",15
2873,2,"60",15
2874,2,"60",15
2875,2,"60",15
2876,2,"60",15
2877,2,"60",15
2878,2,"60",15
2879,2,"60",15
2880,2,"60",15
2881,2,"60",15
2882,2,"60",15
2883,2,"60",15
2884,2,"60",15
2885,2,"60",15
2886,2,"60",15
2887,2,"60",15
2888,2,"60",15
2889,2,"60",15
2890,2,"60",15
2891,2,"60",15
2892,2,"60",15
2893,2,"60",15
2894,2,"60",15
2895,2,"60",15
2896,2,"60",15
2897,2,"60",15
2898,2,"60",15
2899,2,"60",15
2900,2,"60",15
2901,2,"60",15
2902,2,"60",15
2903,2,"60",15
2904,2,"60",15
2905,2,"60",15
2906,2,"60",15
2907,2,"60",15
2908,2,"60",15
2909,2,"60",15
2910,2,"60",15
2911,2,"60",15
2912,2,"60",15
2913,2,"60",15
2914,2,"60",15
2915,2,"60",15
2916,2,"60",15
2917,2,"60",15
2918,2,"60",15
2919,2,"60",15
2920,2,"60",15
2921,2,"60",15
2922,2,"60",15
2923,2,"60",15
2924,2,"60",15
2925,2,"60",15
2926,2,"60",15
2927,2,"60",15
2928,2,"60",15
2929,2,"60",15
2930,2,"60",15
2931,2,"60",15
2932,2,"60",15
2933,2,"60",15
2934,2,"60",15
2935,2,"60",15
2936,2,"60",15
2937,2,"60",15
2938,2,"60",15
2939,2,"60",15
2940,2,"60",15
2941,2,"60",15
2942,2,"60",15
2943,2,"60",15
2944,2,"60",15
2945,2,"60",15
2946,2,"60",15
2947,2,"60",15
2948,2,"60",15
2949,2,"60",15
2950,2,"60",15
2951,2,"60",15
2952,2,"60",15
2953,2,"60",15
2954,2,"60",15
2955,2,"60",15
2956,2,"60",15
2957,2,"60",15
2958,2,"60",15
2959,2,"60",15
2960,2,"60",15
2961,2,"60",15
2962,2,"60",15
2963,2,"60",15
2964,2,"60",15
2965,2,"60",15
2966,2,"60",15
2967,2,"60",15
2968,2,"60",15
2969,2,"60",15
2970,2,"60",15
2971,2,"60",15
2972,2,"60",15
2973,2,"60",15
2974,2,"60",15
2975,2,"60",15
2976,2,"60",15
2977,2,"60",15
2978,2,"60",15
2979,2,"60",15
2980,2,"60",15
2981,2,"60",15
2982,2,"60",15
2983,2,"60",15
2984,2,"60",15
2985,2,"60",15
2986,2,"60",15
2987,2,"60",15
2988,2,"60",15
2989,2,"60",15
2990,2,"60",15
2991,2,"60",15
2992,2,"60",15
2993,2,"60",15
2994,2,"60",15
2995,2,"60",15
2996,2,"60",15
2997,2,"60",15
2998,2,"60",15
2999,2,"60",15
3000,2,"60",15
3001,2,"60",15
3002,2,"60",15
3003,2,"60",15
3004,2,"60",15
3005,2,"60",15
3006,2,"60",15
3007,2,"60",15
3008,2,"60",15
3009,2,"60",15
3010,2,"60",15
3011,2,"60",15
3012,2,"60",15
3013,2,"60",15
3014,2,"60",15
3015,2,"60",15
3016,2,"60",15
3017,2,"60",15
3018,2,"60",15
3019,2,"60",15
3020,2,"60",15
3021,2,"60",15
3022,2,"60",15
3023,2,"60",15
3024,2,"60",15
3025,2,"60",15
3026,2,"60",15
3027,2,"60",15
3028,2,"60",15
3029,2,"60",15
3030,2,"60",15
3031,2,"60",15
3032,2,"60",15
3033,2,"60",15
3034,2,"60",15
3035,2,"60",15
3036,2,"60",15
3037,2,"60",15
3038,2,"60",15
3039,2,"60",15
3040,2,"60",15
3041,2,"60",15
3042,2,"60",15
3043,2,"60",15
3044,2,"60",15
3045,2,"60",15
3046,2,"60",15
3047,2,"60",15
3048,2,"60",15
3049,2,"60",15
3050,2,"60",15
3051,2,"60",15
3052,2,"60",15
3053,2,"60",15
3054,2,"60",15
3055,2,"60",15
3056,2,"60",15
3057,2,"60",15
3058,2,"60",15
3059,2,"60",15
3060,2,"60",15
3061,2,"60",15
3062,2,"60",15
3063,2,"60",15
3064,2,"60",15
3065,2,"60",15
3066,2,"60",15
3067,2,"60",15
3068,2,"60",15
3069,2,"60",15
3070,2,"60",15
3071,2,"60",15
3072,2,"60",15
3073,2,"60",15
3074,2,"60",15
3075,2,"60",15
3076,2,"60",15
3077,2,"60",15
3078,2,"60",15
3079,2,"60",15
3080,2,"60",15
3081,2,"60",15
3082,2,"60",15
3083,2,"60",15
3084,2,"60",15
3085,2,"60",15
3086,2,"60",15
3087,2,"60",15
3088,2,"60",15
3089,2,"60",15
3090,2,"60",15
3091,2,"60",15
3092,2,"60",15
3093,2,"60",15
3094,2,"60",15
3095,2,"60",15
3096,2,"60",15
3097,2,"60",15
3098,2,"60",15
3099,2,"60",15
3100,2,"60",15
3101,2,"60",15
3102,2,"60",15
3103,2,"60",15
3104,2,"60",15
3105,2,"60",15
3106,2,"60",15
3107,2,"60",15
3108,2,"60",15
3109,2,"60",15
3110,2,"60",15
3111,2,"60",15
3112,2,"60",15
3113,2,"60",15
3114,2,"60",15
3115,2,"60",15
3116,2,"60",15
3117,2,"60",15
3118,2,"60",15
3119,2,"60",15
3120,2,"60",15
3121,2,"60",15
3122,2,"60",15
3123,2,"60",15
3124,2,"60",15
3125,2,"60",15
3126,2,"60",15
3127,2,"60",15
3128,2,"60",15
3129,2,"60",15
3130,2,"60",15
3131,2,"60",15
3132,2,"60",15
3133,2,"60",15
3134,2,"60",15
3135,2,"60",15
3136,2,"60",15
3137,2,"60",15
3138,2,"60",15
3139,2,"60",15
3140,2,"60",15
3141,2,"60",15
3142,2,"60",15
3143,2,"60",15
3144,2,"60",15
3145,2,"60",15
3146,2,"60",15
3147,2,"60",15
3148,2,"60",15
3149,2,"60",15
3150,2,"60",15
3151,2,"60",15
3152,2,"60",15
3153,2,"60",15
3154,2,"60",15
3155,2,"60",15
3156,2,"60",15
3157,2,"60",15
3158,2,"60",15
3159,2,"60",15
3160,2,"60",15
3161,2,"60",15
3162,2,"60",15
3163,2,"60",15
3164,2,"60",15
3165,2,"60",15
3166,2,"60",15
3167,2,"60",15
3168,2,"60",15
3169,2,"60",15
3170,2,"60",15
3171,2,"60",15
3172,2,"60",15
3173,2,"60",15
3174,2,"60",15
3175,2,"60",15
3176,2,"60",15
3177,2,"60",15
3178,2,"60",15
3179,2,"60",15
3180,2,"60",15
3181,2,"60",15
3182,2,"60",15
3183,2,"60",15
3184,2,"60",15
3185,2,"60",15
3186,2,"60",15
3187,2,"60",15
3188,2,"60",15
3189,2,"60",15
3190,2,"60",15
3191,2,"60",15
3192,2,"60",15
3193,2,"60",15
3194,2,"60",15
3195,2,"60",15
3196,2,"60",15
3197,2,"60",15
3198,2,"60",15
3199,2,"60",15
3200,2,"60",15
3201,2,"60",15
3202,2,"60",15
3203,2,"60",15
3204,2,"60",15
3205,2,"60",15
3206,2,"60",15
3207,2,"60",15
3208,2,"60",15
3209,2,"60",15
3210,2,"60",15
3211,2,"60",15
3212,2,"60",15
3213,2,"60",15
3214,2,"60",15
3215,2,"60",15
3216,2,"60",15
3217,2,"60",15
3218,2,"60",15
3219,2,"60",15
3220,2,"60",15
3221,2,"60",15
3222,2,"60",15
3223,2,"60",15
3224,2,"60",15
3225,2,"60",15
3226,2,"60",15
3227,2,"60",15
3228,2,"60",15
3229,2,"60",15
3230,2,"60",15
3231,2,"60",15
3232,2,"60",15
3233,2,"60",15
3234,2,"60",15
3235,2,"60",15
3236,2,"60",15
3237,2,"60",15
3238,2,"60",15
3239,2,"60",15
3240,2,"60",15
3241,2,"60",15
3242,2,"60",15
3243,2,"60",15
3244,2,"60",15
3245,2,"60",15
3246,2,"60",15
3247,2,"60",15
3248,2,"60",15
3249,2,"60",15
3250,2,"60",15
3251,2,"60",15
3252,2,"60",15
3253,2,"60",15
3254,2,"60",15
3255,2,"60",15
3256,2,"60",15
3257,2,"60",15
3258,2,"60",15
3259,2,"60",15
3260,2,"60",15
3261,2,"60",15
3262,2,"60",15
3263,2,"60",15
3264,2,"60",15
3265,2,"60",15
3266,2,"60",15
3267,2,"60",15
3268,2,"60",15
3269,2,"60",15
3270,2,"60",15
3271,2,"60",15
3272,2,"60",15
3273,2,"60",15
3274,2,"60",15
3275,2,"60",15
3276,2,"60",15
3277,2,"60",15
3278,2,"60",15
3279,2,"60",15
3280,2,"60",15
3281,2,"60",15
3282,2,"60",15
3283,2,"60",15
3284,2,"60",15
3285,2,"60",15
3286,2,"60",15
3287,2,"60",15
3288,2,"60",15
3289,2,"60",15
3290,2,"60",15
3291,2,"60",15
3292,2,"60",15
3293,2,"60",15
3294,2,"60",15
3295,2,"60",15
3296,2,"60",15
3297,2,"60",15
3298,2,"60",15
3299,2,"60",15
3300,2,"60",15
3301,2,"60",15
3302,2,"60",15
3303,2,"60",15
3304,2,"60",15
3305,2,"60",15
3306,2,"60",15
3307,2,"60",15
3308,2,"60",15
3309,2,"60",15
3310,2,"60",15
3311,2,"60",15
3312,2,"60",15
3313,2,"60",15
3314,2,"60",15
3315,2,"60",15
3316,2,"60",15
3317,2,"60",15
3318,2,"60",15
3319,2,"60",15
3320,2,"60",15
3321,2,"60",15
3322,2,"60",15
3323,2,"60",15
3324,2,"60",15
3325,2,"60",15
3326,2,"60",15
3327,2,"60",15
3328,2,"60",15
3329,2,"60",15
3330,2,"60",15
3331,2,"60",15
3332,2,"60",15
3333,2,"60",15
3334,2,"60",15
3335,2,"60",15
3336,2,"60",15
3337,2,"60",15
3338,2,"60",15
3339,2,"60",15
3340,2,"60",15
3341,2,"60",15
3342,2,"60",15
3343,2,"60",15
3344,2,"60",15
3345,2,"60",15
3346,2,"60",15
3347,2,"60",15
3348,2,"60",15
3349,2,"60",15
3350,2,"60",15
3351,2,"60",15
3352,2,"60",15
3353,2,"60",15
3354,2,"60",15
3355,2,"60",15
3356,2,"60",15
3357,2,"60",15
3358,2,"60",15
3359,2,"60",15
3360,2,"60",15
3361,2,"60",15
3362,2,"60",15
3363,2,"60",15
3364,2,"60",15
3365,2,"60",15
3366,2,"60",15
3367,2,"60",15
3368,2,"60",15
3369,2,"60",15
3370,2,"60",15
3371,2,"60",15
3372,2,"60",15
3373,2,"60",15
3374,2,"60",15
3375,2,"60",15
3376,2,"60",15
3377,2,"60",15
3378,2,"60",15
3379,2,"60",15
3380,2,"60",15
3381,2,"60",15
3382,2,"60",15
3383,2,"60",15
3384,2,"60",15
3385,2,"60",15
3386,2,"60",15
3387,2,"60",15
3388,2,"60",15
3389,2,"60",15
3390,2,"60",15
3391,2,"60",15
3392,2,"60",15
3393,2,"60",15
3394,2,"60",15
3395,2,"60",15
3396,2,"60",15
3397,2,"60",15
3398,2,"60",15
3399,2,"60",15
3400,2,"60",15
3401,2,"60",15
3402,2,"60",15
3403,2,"60",15
3404,2,"60",15
3405,2,"60",15
3406,2,"60",15
3407,2,"60",15
3408,2,"60",15
3409,2,"60",15
3410,2,"60",15
3411,2,"60",15
3412,2,"60",15
3413,2,"60",15
3414,2,"60",15
3415,2,"60",15
3416,2,"60",15
3417,2,"60",15
3418,2,"60",15
3419,2,"60",15
3420,2,"60",15
3421,2,"60",15
3422,2,"60",15
3423,2,"60",15
3424,2,"60",15
3425,2,"60",15
3426,2,"60",15
3427,2,"60",15
3428,2,"60",15
3429,2,"60",15
3430,2,"60",15
3431,2,"60",15
3432,2,"60",15
3433,2,"60",15
3434,2,"60",15
3435,2,"60",15
3436,2,"60",15
3437,2,"60",15
3438,2,"60",15
3439,2,"60",15
3440,2,"60",15
3441,2,"60",15
3442,2,"60",15
3443,2,"60",15
3444,2,"60",15
3445,2,"60",15
3446,2,"60",15
3447,2,"60",15
3448,2,"60",15
3449,2,"60",15
3450,2,"60",15
3451,2,"60",15
3452,2,"60",15
3453,2,"60",15
3454,2,"60",15
3455,2,"60",15
3456,2,"60",15
3457,2,"60",15
3458,2,"60",15
3459,2,"60",15
3460,2,"60",15
3461,2,"60",15
3462,2,"60",15
3463,2,"60",15
3464,2,"60",15
3465,2,"60",15
3466,2,"60",15
3467,2,"60",15
3468,2,"60",15
3469,2,"60",15
3470,2,"60",15
3471,2,"60",15
3472,2,"60",15
3473,2,"60",15
3474,2,"60",15
3475,2,"60",15
3476,2,"60",15
3477,2,"60",15
3478,2,"60",15
3479,2,"60",15
3480,2,"60",15
3481,2,"60",15
3482,2,"60",15
3483,2,"60",15
3484,2,"60",15
3485,2,"60",15
3486,2,"60",15
3487,2,"60",15
3488,2,"60",15
3489,2,"60",15
3490,2,"60",15
3491,2,"60",15
3492,2,"60",15
3493,2,"60",15
3494,2,"60",15
3495,2,"60",15
3496,2,"60",15
3497,2,"60",15
3498,2,"60",15
3499,2,"60",15
3500,2,"60",15
3501,2,"60",15
3502,2,"60",15
3503,2,"60",15
3504,2,"60",15
3505,2,"60",15
3506,2,"60",15
3507,2,"60",15
3508,2,"60",15
3509,2,"60",15
3510,2,"60",15
3511,2,"60",15
3512,2,"60",15
3513,2,"60",15
3514,2,"60",15
3515,2,"60",15
3516,2,"60",15
3517,2,"60",15
3518,2,"60",15
3519,2,"60",15
3520,2,"60",15
3521,2,"60",15
3522,2,"60",15
3523,2,"60",15
3524,2,"60",15
3525,2,"60",15
3526,2,"60",15
3527,2,"60",15
3528,2,"60",15
3529,2,"60",15
3530,2,"60",15
3531,2,"60",15
3532,2,"60",15
3533,2,"60",15
3534,2,"60",15
3535,2,"60",15
3536,2,"60",15
3537,2,"60",15
3538,2,"60",15
3539,2,"60",15
3540,2,"60",15
3541,2,"60",15
3542,2,"60",15
3543,2,"60",15
3544,2,"60",15
3545,2,"60",15
3546,2,"60",15
3547,2,"60",15
3548,2,"60",15
3549,2,"60",15
3550,2,"60",15
3551,2,"60",15
3552,2,"60",15
3553,2,"60",15
3554,2,"60",15
3555,2,"60",15
3556,2,"60",15
3557,2,"60",15
3558,2,"60",15
3559,2,"60",15
3560,2,"60",15
3561,2,"60",15
3562,2,"60",15
3563,2,"60",15
3564,2,"60",15
3565,2,"60",15
3566,2,"60",15
3567,2,"60",15
3568,2,"60",15
3569,2,"60",15
3570,2,"60",15
3571,2,"60",15
3572,2,"60",15
3573,2,"60",15
3574,2,"60",15
3575,2,"60",15
3576,2,"60",15
3577,2,"60",15
3578,2,"60",15
3579,2,"60",15
3580,2,"60",15
3581,2,"60",15
3582,2,"60",15
3583,2,"60",15
3584,2,"60",15
3585,2,"60",15
3586,2,"60",15
3587,2,"60",15
3588,2,"60",15
3589,2,"60",15
3590,2,"60",15
3591,2,"60",15
3592,2,"60",15
3593,2,"60",15
3594,2,"60",15
3595,2,"60",15
3596,2,"60",15
3597,2,"60",15
3598,2,"60",15
3599,2,"60",15
3600,2,"60",15
3601,2,"60",15
3602,2,"60",15
3603,2,"60",15
3604,2,"60",15
3605,2,"60",15
3606,2,"60",15
3607,2,"60",15
3608,2,"60",15
3609,2,"60",15
3610,2,"60",15
3611,2,"60",15
3612,2,"60",15
3613,2,"60",15
3614,2,"60",15
3615,2,"60",15
3616,2,"60",15
3617,2,"60",15
3618,2,"60",15
3619,2,"60",15
3620,2,"60",15
3621,2,"60",15
3622,2,"60",15
3623,2,"60",15
3624,2,"60",15
3625,2,"60",15
3626,2,"60",15
3627,2,"60",15
3628,2,"60",15
3629,2,"60",15
3630,2,"60",15
3631,2,"60",15
3632,2,"60",15
3633,2,"60",15
3634,2,"60",15
3635,2,"60",15
3636,2,"60",15
3637,2,"60",15
3638,2,"60",15
3639,2,"60",15
3640,2,"60",15
3641,2,"60",15
3642,2,"60",15
3643,2,"60",15
3644,2,"60",15
3645,2,"60",15
3646,2,"60",15
3647,2,"60",15
3648,2,"60",15
3649,2,"60",15
3650,2,"60",15
3651,2,"60",15
3652,2,"60",15
3653,2,"60",15
3654,2,"60",15
3655,2,"60",15
3656,2,"60",15
3657,2,"60",15
3658,2,"60",15
3659,2,"60",15
3660,2,"60",15
3661,2,"60",15
3662,2,"60",15
3663,2,"60",15
3664,2,"60",15
3665,2,"60",15
3666,2,"60",15
3667,2,"60",15
3668,2,"60",15
3669,2,"60",15
3670,2,"60",15
3671,2,"60",15
3672,2,"60",15
3673,2,"60",15
3674,2,"60",15
3675,2,"60",15
3676,2,"60",15
3677,2,"60",15
3678,2,"60",15
3679,2,"60",15
3680,2,"60",15
3681,2,"60",15
3682,2,"60",15
3683,2,"60",15
3684,2,"60",15
3685,2,"60",15
3686,2,"60",15
3687,2,"60",15
3688,2,"60",15
3689,2,"60",15
3690,2,"60",15
3691,2,"60",15
3692,2,"60",15
3693,2,"60",15
3694,2,"60",15
3695,2,"60",15
3696,2,"60",15
3697,2,"60",15
3698,2,"60",15
3699,2,"60",15
3700,2,"60",15
3701,2,"60",15
3702,2,"60",15
3703,2,"60",15
3704,2,"60",15
3705,2,"60",15
3706,2,"60",15
3707,2,"60",15
3708,2,"60",15
3709,2,"60",15
3710,2,"60",15
3711,2,"60",15
3712,2,"60",15
3713,2,"60",15
3714,2,"60",15
3715,2,"60",15
3716,2,"60",15
3717,2,"60",15
3718,2,"60",15
3719,2,"60",15
3720,2,"60",15
3721,2,"60",15
3722,2,"60",15
3723,2,"60",15
3724,2,"60",15
3725,2,"60",15
3726,2,"60",15
3727,2,"60",15
3728,2,"60",15
3729,2,"60",15
3730,2,"60",15
3731,2,"60",15
3732,2,"60",15
3733,2,"60",15
3734,2,"60",15
3735,2,"60",15
3736,2,"60",15
3737,2,"60",15
3738,2,"60",15
3739,2,"60",15
3740,2,"60",15
3741,2,"60",15
3742,2,"60",15
3743,2,"60",15
3744,2,"60",15
3745,2,"60",15
3746,2,"60",15
3747,2,"60",15
3748,2,"60",15
3749,2,"60",15
3750,2,"60",15
3751,2,"60",15
3752,2,"60",15
3753,2,"60",15
3754,2,"60",15
3755,2,"60",15
3756,2,"60",15
3757,2,"60",15
3758,2,"60",15
3759,2,"60",15
3760,2,"60",15
3761,2,"60",15
3762,2,"60",15
3763,2,"60",15
3764,2,"60",15
3765,2,"60",15
3766,2,"60",15
3767,2,"60",15
3768,2,"60",15
3769,2,"60",15
3770,2,"60",15
3771,2,"60",15
3772,2,"60",15
3773,2,"60",15
3774,2,"60",15
3775,2,"60",15
3776,2,"60",15
3777,2,"60",15
3778,2,"60",15
3779,2,"60",15
3780,2,"60",15
3781,2,"60",15
3782,2,"60",15
3783,2,"60",15
3784,2,"60",15
3785,2,"60",15
3786,2,"60",15
3787,2,"60",15
3788,2,"60",15
3789,2,"60",15
3790,2,"60",15
3791,2,"60",15
3792,2,"60",15
3793,2,"60",15
3794,2,"60",15
3795,2,"60",15
3796,2,"60",15
3797,2,"60",15
3798,2,"60",15
3799,2,"60",15
3800,2,"60",15
3801,2,"60",15
3802,2,"60",15
3803,2,"60",15
3804,2,"60",15
3805,2,"60",15
3806,2,"60",15
3807,2,"60",15
3808,2,"60",15
3809,2,"60",15
3810,2,"60",15
3811,2,"60",15
3812,2,"60",15
3813,2,"60",15
3814,2,"60",15
3815,2,"60",15
3816,2,"60",15
3817,2,"60",15
3818,2,"60",15
3819,2,"60",15
3820,2,"60",15
3821,2,"60",15
3822,2,"60",15
3823,2,"60",15
3824,2,"60",15
3825,2,"60",15
3826,2,"60",15
3827,2,"60",15
3828,2,"60",15
3829,2,"60",15
3830,2,"60",15
3831,2,"60",15
3832,2,"60",15
3833,2,"60",15
3834,2,"60",15
3835,2,"60",15
3836,2,"60",15
3837,2,"60",15
3838,2,"60",15
3839,2,"60",15
3840,2,"60",15
3841,2,"60",15
3842,2,"60",15
3843,2,"60",15
3844,2,"60",15
3845,2,"60",15
3846,2,"60",15
3847,2,"60",15
3848,2,"60",15
3849,2,"60",15
3850,2,"60",15
3851,2,"60",15
3852,2,"60",15
3853,2,"60",15
3854,2,"60",15
3855,2,"60",15
3856,2,"60",15
3857,2,"60",15
3858,2,"60",15
3859,2,"60",15
3860,2,"60",15
3861,2,"60",15
3862,2,"60",15
3863,2,"60",15
3864,2,"60",15
3865,2,"60",15
3866,2,"60",15
3867,2,"60",15
3868,2,"60",15
3869,2,"60",15
3870,2,"60",15
3871,2,"60",15
3872,2,"60",15
3873,2,"60",15
3874,2,"60",15
3875,2,"60",15
3876,2,"60",15
3877,2,"60",15
3878,2,"60",15
3879,2,"60",15
3880,2,"60",15
3881,2,"60",15
3882,2,"60",15
3883,2,"60",15
3884,2,"60",15
3885,2,"60",15
3886,2,"60",15
3887,2,"60",15
3888,2,"60",15
3889,2,"60",15
3890,2,"60",15
3891,2,"60",15
3892,2,"60",15
3893,2,"60",15
3894,2,"60",15
3895,2,"60",15
3896,2,"60",15
3897,2,"60",15
3898,2,"60",15
3899,2,"60",15
3900,2,"60",15
3901,2,"60",15
3902,2,"60",15
3903,2,"60",15
3904,2,"60",15
3905,2,"60",15
3906,2,"60",15
3907,2,"60",15
3908,2,"60",15
3909,2,"60",15
3910,2,"60",15
3911,2,"60",15
3912,2,"60",15
3913,2,"60",15
3914,2,"60",15
3915,2,"60",15
3916,2,"60",15
3917,2,"60",15
3918,2,"60",15
3919,2,"60",15
3920,2,"60",15
3921,2,"60",15
3922,2,"60",15
3923,2,"60",15
3924,2,"60",15
3925,2,"60",15
3926,2,"60",15
3927,2,"60",15
3928,2,"60",15
3929,2,"60",15
3930,2,"60",15
3931,2,"60",15
3932,2,"60",15
3933,2,"60",15
3934,2,"60",15
3935,2,"60",15
3936,2,"60",15
3937,2,"60",15
3938,2,"60",15
3939,2,"60",15
3940,2,"60",15
3941,2,"60",15
3942,2,"60",15
3943,2,"60",15
3944,2,"60",15
3945,2,"60",15
3946,2,"60",15
3947,2,"60",15
3948,2,"60",15
3949,2,"60",15
3950,2,"60",15
3951,2,"60",15
3952,2,"60",15
3953,2,"60",15
3954,2,"60",15
3955,2,"60",15
3956,2,"60",15
3957,2,"60",15
3958,2,"60",15
3959,2,"60",15
3960,2,"60",15
3961,2,"60",15
3962,2,"60",15
3963,2,"60",15
3964,2,"60",15
3965,2,"60",15
3966,2,"60",15
3967,2,"60",15
3968,2,"60",15
3969,2,"60",15
3970,2,"60",15
3971,2,"60",15
3972,2,"60",15
3973,2,"60",15
3974,2,"60",15
3975,2,"60",15
3976,2,"60",15
3977,2,"60",15
3978,2,"60",15
3979,2,"60",15
3980,2,"60",15
3981,2,"60",15
3982,2,"60",15
3983,2,"60",15
3984,2,"60",15
3985,2,"60",15
3986,2,"60",15
3987,2,"60",15
3988,2,"60",15
3989,2,"60",15
3990,2,"60",15
3991,2,"60",15
3992,2,"60",15
3993,2,"60",15
3994,2,"60",15
3995,2,"60",15
3996,2,"60",15
3997,2,"60",15
3998,2,"60",15
3999,2,"60",15
4000,2,"60",15
4001,2,"60",15
4002,2,"60",15
4003,2,"60",15
4004,2,"60",15
4005,2,"60",15
4006,2,"60",15
4007,2,"60",15
4008,2,"60",15
4009,2,"60",15
4010,2,"60",15
4011,2,"60",15
4012,2,"60",15
4013,2,"60",15
4014,2,"60",15
4015,2,"60",15
4016,2,"60",15
4017,2,"60",15
4018,2,"60",15
4019,2,"60",15
4020,2,"60",15
4021,2,"60",15
4022,2,"60",15
4023,2,"60",15
4024,2,"60",15
4025,2,"60",15
4026,2,"60",15
4027,2,"60",15
4028,2,"60",15
4029,2,"60",15
4030,2,"60",15
4031,2,"60",15
4032,2,"60",15
4033,2,"60",15
4034,2,"60",15
4035,2,"60",15
4036,2,"60",15
4037,2,"60",15
4038,2,"60",15
4039,2,"60",15
4040,2,"60",15
4041,2,"60",15
4042,2,"60",15
4043,2,"60",15
4044,2,"60",15
4045,2,"60",15
4046,2,"60",15
4047,2,"60",15
4048,2,"60",15
4049,2,"60",15
4050,2,"60",15
4051,2,"60",15
4052,2,"60",15
4053,2,"60",15
4054,2,"60",15
4055,2,"60",15
4056,2,"60",15
4057,2,"60",15
4058,2,"60",15
4059,2,"60",15
4060,2,"60",15
4061,2,"60",15
4062,2,"60",15
4063,2,"60",15
4064,2,"60",15
4065,2,"60",15
4066,2,"60",15
4067,2,"60",15
4068,2,"60",15
4069,2,"60",15
4070,2,"60",15
4071,2,"60",15
4072,2,"60",15
4073,2,"60",15
4074,2,"60",15
4075,2,"60",15
4076,2,"60",15
4077,2,"60",15
4078,2,"60",15
4079,2,"60",15
4080,2,"60",15
4081,2,"60",15
4082,2,"60",15
4083,2,"60",15
4084,2,"60",15
4085,2,"60",15
4086,2,"60",15
4087,2,"60",15
4088,2,"60",15
4089,2,"60",15
4090,2,"60",15
4091,2,"60",15
4092,2,"60",15
4093,2,"60",15
4094,2,"60",15
4095,2,"60",15
4096,2,"60",15
4097,2,"60",15
4098,2,"60",15
4099,2,"60",15
4100,2,"60",15
4101,2,"60",15
4102,2,"60",15
4103,2,"60",15
4104,2,"60",15
4105,2,"60",15
4106,2,"60",15
4107,2,"60",15
4108,2,"60",15
4109,2,"60",15
4110,2,"60",15
4111,2,"60",15
4112,2,"60",15
4113,2,"60",15
4114,2,"60",15
4115,2,"60",15
4116,2,"60",15
4117,2,"60",15
4118,2,"60",15
4119,2,"60",15
4120,2,"60",15
4121,2,"60",15
4122,2,"60",15
4123,2,"60",15
4124,2,"60",15
4125,2,"60",15
4126,2,"60",15
4127,2,"60",15
4128,2,"60",15
4129,2,"60",15
4130,2,"60",15
4131,2,"60",15
4132,2,"60",15
4133,2,"60",15
4134,2,"60",15
4135,2,"60",15
4136,2,"60",15
4137,2,"60",15
4138,2,"60",15
4139,2,"60",15
4140,2,"60",15
4141,2,"60",15
4142,2,"60",15
4143,2,"60",15
4144,2,"60",15
4145,2,"60",15
4146,2,"60",15
4147,2,"60",15
4148,2,"60",15
4149,2,"60",15
4150,2,"60",15
4151,2,"60",15
4152,2,"60",15
4153,2,"60",15
4154,2,"60",15
4155,2,"60",15
4156,2,"60",15
4157,2,"60",15
4158,2,"60",15
4159,2,"60",15
4160,2,"60",15
4161,2,"60",15
4162,2,"60",15
4163,2,"60",15
4164,2,"60",15
4165,2,"60",15
4166,2,"60",15
4167,2,"60",15
4168,2,"60",15
4169,2,"60",15
4170,2,"60",15
4171,2,"60",15
4172,2,"60",15
4173,2,"60",15
4174,2,"60",15
4175,2,"60",15
4176,2,"60",15
4177,2,"60",15
4178,2,"60",15
4179,2,"60",15
4180,2,"60",15
4181,2,"60",15
4182,2,"60",15
4183,2,"60",15
4184,2,"60",15
4185,2,"60",15
4186,2,"60",15
4187,2,"60",15
4188,2,"60",15
4189,2,"60",15
4190,2,"60",15
4191,2,"60",15
4192,2,"60",15
4193,2,"60",15
4194,2,"60",15
4195,2,"60",15
4196,2,"60",15
4197,2,"60",15
4198,2,"60",15
4199,2,"60",15
4200,2,"60",15
4201,2,"60",15
4202,2,"60",15
4203,2,"60",15
4204,2,"60",15
4205,2,"60",15
4206,2,"60",15
4207,2,"60",15
4208,2,"60",15
4209,2,"60",15
4210,2,"60",15
4211,2,"60",15
4212,2,"60",15
4213,2,"60",15
4214,2,"60",15
4215,2,"60",15
4216,2,"60",15
4217,2,"60",15
4218,2,"60",15
4219,2,"60",15
4220,2,"60",15
4221,2,"60",15
4222,2,"60",15
4223,2,"60",15
4224,2,"60",15
4225,2,"60",15
4226,2,"60",15
4227,2,"60",15
4228,2,"60",15
4229,2,"60",15
4230,2,"60",15
4231,2,"60",15
4232,2,"60",15
4233,2,"60",15
4234,2,"60",15
4235,2,"60",15
4236,2,"60",15
4237,2,"60",15
4238,2,"60",15
4239,2,"60",15
4240,2,"60",15
4241,2,"60",15
4242,2,"60",15
4243,2,"60",15
4244,2,"60",15
4245,2,"60",15
4246,2,"60",15
4247,2,"60",15
4248,2,"60",15
4249,2,"60",15
4250,2,"60",15
4251,2,"60",15
4252,2,"60",15
4253,2,"60",15
4254,2,"60",15
4255,2,"60",15
4256,2,"60",15
4257,2,"60",15
4258,2,"60",15
4259,2,"60",15
4260,2,"60",15
4261,2,"60",15
4262,2,"60",15
4263,2,"60",15
4264,2,"60",15
4265,2,"60",15
4266,2,"60",15
4267,2,"60",15
4268,2,"60",15
4269,2,"60",15
4270,2,"60",15
4271,2,"60",15
4272,2,"60",15
4273,2,"60",15
4274,2,"60",15
4275,2,"60",15
4276,2,"60",15
4277,2,"60",15
4278,2,"60",15
4279,2,"60",15
4280,2,"60",15
4281,2,"60",15
4282,2,"60",15
4283,2,"60",15
4284,2,"60",15
4285,2,"60",15
4286,2,"60",15
4287,2,"60",15
4288,2,"60",15
4289,2,"60",15
4290,2,"60",15
4291,2,"60",15
4292,2,"60",15
4293,2,"60",15
4294,2,"60",15
4295,2,"60",15
4296,2,"60",15
4297,2,"60",15
4298,2,"60",15
4299,2,"60",15
4300,2,"60",15
4301,2,"60",15
4302,2,"60",15
4303,2,"60",15
4304,2,"60",15
4305,2,"60",15
4306,2,"60",15
4307,2,"60",15
4308,2,"60",15
4309,2,"60",15
4310,2,"60",15
4311,2,"60",15
4312,2,"60",15
4313,2,"60",15
4314,2,"60",15
4315,2,"60",15
4316,2,"60",15
4317,2,"60",15
4318,2,"60",15
4319,2,"60",15
4320,2,"60",15
4321,2,"60",15
4322,2,"60",15
4323,2,"60",15
4324,2,"60",15
4325,2,"60",15
4326,2,"60",15
4327,2,"60",15
4328,2,"60",15
4329,2,"60",15
4330,2,"60",15
4331,2,"60",15
4332,2,"60",15
4333,2,"60",15
4334,2,"60",15
4335,2,"60",15
4336,2,"60",15
4337,2,"60",15
4338,2,"60",15
4339,2,"60",15
4340,2,"60",15
4341,2,"60",15
4342,2,"60",15
4343,2,"60",15
4344,2,"60",15
4345,2,"60",15
4346,2,"60",15
4347,2,"60",15
4348,2,"60",15
4349,2,"60",15
4350,2,"60",15
4351,2,"60",15
4352,2,"60",15
4353,2,"60",15
4354,2,"60",15
4355,2,"60",15
4356,2,"60",15
4357,2,"60",15
4358,2,"60",15
4359,2,"60",15
4360,2,"60",15
4361,2,"60",15
4362,2,"60",15
4363,2,"60",15
4364,2,"60",15
4365,2,"60",15
4366,2,"60",15
4367,2,"60",15
4368,2,"60",15
4369,2,"60",15
4370,2,"60",15
4371,2,"60",15
4372,2,"60",15
4373,2,"60",15
4374,2,"60",15
4375,2,"60",15
4376,2,"60",15
4377,2,"60",15
4378,2,"60",15
4379,2,"60",15
4380,2,"60",15
4381,2,"60",15
4382,2,"60",15
4383,2,"60",15
4384,2,"60",15
4385,2,"60",15
4386,2,"60",15
4387,2,"60",15
4388,2,"60",15
4389,2,"60",15
4390,2,"60",15
4391,2,"60",15
4392,2,"60",15
4393,2,"60",15
4394,2,"60",15
4395,2,"60",15
4396,2,"60",15
4397,2,"60",15
4398,2,"60",15
4399,2,"60",15
4400,2,"60",15
4401,2,"60",15
4402,2,"60",15
4403,2,"60",15
4404,2,"60",15
4405,2,"60",15
4406,2,"60",15
4407,2,"60",15
4408,2,"60",15
4409,2,"60",15
4410,2,"60",15
4411,2,"60",15
4412,2,"60",15
4413,2,"60",15
4414,2,"60",15
4415,2,"60",15
4416,2,"60",15
4417,2,"60",15
4418,2,"60",15
4419,2,"60",15
4420,2,"60",15
4421,2,"60",15
4422,2,"60",15
4423,2,"60",15
4424,2,"60",15
4425,2,"60",15
4426,2,"60",15
4427,2,"60",15
4428,2,"60",15
4429,2,"60",15
4430,2,"60",15
4431,2,"60",15
4432,2,"60",15
4433,2,"60",15
4434,2,"60",15
4435,2,"60",15
4436,2,"60",15
4437,2,"60",15
4438,2,"60",15
4439,2,"60",15
4440,2,"60",15
4441,2,"60",15
4442,2,"60",15
4443,2,"60",15
4444,2,"60",15
4445,2,"60",15
4446,2,"60",15
4447,2,"60",15
4448,2,"60",15
4449,2,"60",15
4450,2,"60",15
4451,2,"60",15
4452,2,"60",15
4453,2,"60",15
4454,2,"60",15
4455,2,"60",15
4456,2,"60",15
4457,2,"60",15
4458,2,"60",15
4459,2,"60",15
4460,2,"60",15
4461,2,"60",15
4462,2,"60",15
4463,2,"60",15
4464,2,"60",15
4465,2,"60",15
4466,2,"60",15
4467,2,"60",15
4468,2,"60",15
4469,2,"60",15
4470,2,"60",15
4471,2,"60",15
4472,2,"60",15
4473,2,"60",15
4474,2,"60",15
4475,2,"60",15
4476,2,"60",15
4477,2,"60",15
4478,2,"60",15
4479,2,"60",15
4480,2,"60",15
4481,2,"60",15
4482,2,"60",15
4483,2,"60",15
4484,2,"60",15
4485,2,"60",15
4486,2,"60",15
4487,2,"60",15
4488,2,"60",15
4489,2,"60",15
4490,2,"60",15
4491,2,"60",15
4492,2,"60",15
4493,2,"60",15
4494,2,"60",15
4495,2,"60",15
4496,2,"60",15
4497,2,"60",15
4498,2,"60",15
4499,2,"60",15
4500,2,"60",15
4501,2,"60",15
4502,2,"60",15
4503,2,"60",15
4504,2,"60",15
4505,2,"60",15
4506,2,"60",15
4507,2,"60",15
4508,2,"60",15
4509,2,"60",15
4510,2,"60",15
4511,2,"60",15
4512,2,"60",15
4513,2,"60",15
4514,2,"60",15
4515,2,"60",15
4516,2,"60",15
4517,2,"60",15
4518,2,"60",15
4519,2,"60",15
4520,2,"60",15
4521,2,"60",15
4522,2,"60",15
4523,2,"60",15
4524,2,"60",15
4525,2,"60",15
4526,2,"60",15
4527,2,"60",15
4528,2,"60",15
4529,2,"60",15
4530,2,"60",15
4531,2,"60",15
4532,2,"60",15
4533,2,"60",15
4534,2,"60",15
4535,2,"60",15
4536,2,"60",15
4537,2,"60",15
4538,2,"60",15
4539,2,"60",15
4540,2,"60",15
4541,2,"60",15
4542,2,"60",15
4543,2,"60",15
4544,2,"60",15
4545,2,"60",15
4546,2,"60",15
4547,2,"60",15
4548,2,"60",15
4549,2,"60",15
4550,2,"60",15
4551,2,"60",15
4552,2,"60",15
4553,2,"60",15
4554,2,"60",15
4555,2,"60",15
4556,2,"60",15
4557,2,"60",15
4558,2,"60",15
4559,2,"60",15
4560,2,"60",15
4561,2,"60",15
4562,2,"60",15
4563,2,"60",15
4564,2,"60",15
4565,2,"60",15
4566,2,"60",15
4567,2,"60",15
4568,2,"60",15
4569,2,"60",15
4570,2,"60",15
4571,2,"60",15
4572,2,"60",15
4573,2,"60",15
4574,2,"60",15
4575,2,"60",15
4576,2,"60",15
4577,2,"60",15
4578,2,"60",15
4579,2,"60",15
4580,2,"60",15
4581,2,"60",15
4582,2,"60",15
4583,2,"60",15
4584,2,"60",15
4585,2,"60",15
4586,2,"60",15
4587,2,"60",15
4588,2,"60",15
4589,2,"60",15
4590,2,"60",15
4591,2,"60",15
4592,2,"60",15
4593,2,"60",15
4594,2,"60",15
4595,2,"60",15
4596,2,"60",15
4597,2,"60",15
4598,2,"60",15
4599,2,"60",15
4600,2,"60",15
4601,2,"60",15
4602,2,"60",15
4603,2,"60",15
4604,2,"60",15
4605,2,"60",15
4606,2,"60",15
4607,2,"60",15
4608,2,"60",15
4609,2,"60",15
4610,2,"60",15
4611,2,"60",15
4612,2,"60",15
4613,2,"60",15
4614,2,"60",15
4615,2,"60",15
4616,2,"60",15
4617,2,"60",15
4618,2,"60",15
4619,2,"60",15
4620,2,"60",15
4621,2,"60",15
4622,2,"60",15
4623,2,"60",15
4624,2,"60",15
4625,2,"60",15
4626,2,"60",15
4627,2,"60",15
4628,2,"60",15
4629,2,"60",15
4630,2,"60",15
4631,2,"60",15
4632,2,"60",15
4633,2,"60",15
4634,2,"60",15
4635,2,"60",15
4636,2,"60",15
4637,2,"60",15
4638,2,"60",15
4639,2,"60",15
4640,2,"60",15
4641,2,"60",15
4642,2,"60",15
4643,2,"60",15
4644,2,"60",15
4645,2,"60",15
4646,2,"60",15
4647,2,"60",15
4648,2,"60",15
4649,2,"60",15
4650,2,"60",15
4651,2,"60",15
4652,2,"60",15
4653,2,"60",15
4654,2,"60",15
4655,2,"60",15
4656,2,"60",15
4657,2,"60",15
4658,2,"60",15
4659,2,"60",15
4660,2,"60",15
4661,2,"60",15
4662,2,"60",15
4663,2,"60",15
4664,2,"60",15
4665,2,"60",15
4666,2,"60",15
4667,2,"60",15
4668,2,"60",15
4669,2,"60",15
4670,2,"60",15
4671,2,"60",15
4672,2,"60",15
4673,2,"60",15
4674,2,"60",15
4675,2,"60",15
4676,2,"60",15
4677,2,"60",15
4678,2,"60",15
4679,2,"60",15
4680,2,"60",15
4681,2,"60",15
4682,2,"60",15
4683,2,"60",15
4684,2,"60",15
4685,2,"60",15
4686,2,"60",15
4687,2,"60",15
4688,2,"60",15
4689,2,"60",15
4690,2,"60",15
4691,2,"60",15
4692,2,"60",15
4693,2,"60",15
4694,2,"60",15
4695,2,"60",15
4696,2,"60",15
4697,2,"60",15
4698,2,"60",15
4699,2,"60",15
4700,2,"60",15
4701,2,"60",15
4702,2,"60",15
4703,2,"60",15
4704,2,"60",15
4705,2,"60",15
4706,2,"60",15
4707,2,"60",15
4708,2,"60",15
4709,2,"60",15
4710,2,"60",15
4711,2,"60",15
4712,2,"60",15
4713,2,"60",15
4714,2,"60",15
4715,2,"60",15
4716,2,"60",15
4717,2,"60",15
4718,2,"60",15
4719,2,"60",15
4720,2,"60",15
4721,2,"60",15
4722,2,"60",15
4723,2,"60",15
4724,2,"60",15
4725,2,"60",15
4726,2,"60",15
4727,2,"60",15
4728,2,"60",15
4729,2,"60",15
4730,2,"60",15
4731,2,"60",15
4732,2,"60",15
4733,2,"60",15
4734,2,"60",15
4735,2,"60",15
4736,2,"60",15
4737,2,"60",15
4738,2,"60",15
4739,2,"60",15
4740,2,"60",15
4741,2,"60",15
4742,2,"60",15
4743,2,"60",15
4744,2,"60",15
4745,2,"60",15
4746,2,"60",15
4747,2,"60",15
4748,2,"60",15
4749,2,"60",15
4750,2,"60",15
4751,2,"60",15
4752,2,"60",15
4753,2,"60",15
4754,2,"60",15
4755,2,"60",15
4756,2,"60",15
4757,2,"60",15
4758,2,"60",15
4759,2,"60",15
4760,2,"60",15
4761,2,"60",15
4762,2,"60",15
4763,2,"60",15
4764,2,"60",15
4765,2,"60",15
4766,2,"60",15
4767,2,"60",15
4768,2,"60",15
4769,2,"60",15
4770,2,"60",15
4771,2,"60",15
4772,2,"60",15
4773,2,"60",15
4774,2,"60",15
4775,2,"60",15
4776,2,"60",15
4777,2,"60",15
4778,2,"60",15
4779,2,"60",15
4780,2,"60",15
4781,2,"60",15
4782,2,"60",15
4783,2,"60",15
4784,2,"60",15
4785,2,"60",15
4786,2,"60",15
4787,2,"60",15
4788,2,"60",15
4789,2,"60",15
4790,2,"60",15
4791,2,"60",15
4792,2,"60",15
4793,2,"60",15
4794,2,"60",15
4795,2,"60",15
4796,2,"60",15
4797,2,"60",15
4798,2,"60",15
4799,2,"60",15
4800,2,"60",15
4801,2,"60",15
4802,2,"60",15
4803,2,"60",15
4804,2,"60",15
4805,2,"60",15
4806,2,"60",15
4807,2,"60",15
4808,2,"60",15
4809,2,"60",15
4810,2,"60",15
4811,2,"60",15
4812,2,"60",15
4813,2,"60",15
4814,2,"60",15
4815,2,"60",15
4816,2,"60",15
4817,2,"60",15
4818,2,"60",15
4819,2,"60",15
4820,2,"60",15
4821,2,"60",15
4822,2,"60",15
4823,2,"60",15
4824,2,"60",15
4825,2,"60",15
4826,2,"60",15
4827,2,"60",15
4828,2,"60",15
4829,2,"60",15
4830,2,"60",15
4831,2,"60",15
4832,2,"60",15
4833,2,"60",15
4834,2,"60",15
4835,2,"60",15
4836,2,"60",15
4837,2,"60",15
4838,2,"60",15
4839,2,"60",15
4840,2,"60",15
4841,2,"60",15
4842,2,"60",15
4843,2,"60",15
4844,2,"60",15
4845,2,"60",15
4846,2,"60",15
4847,2,"60",15
4848,2,"60",15
4849,2,"60",15
4850,2,"60",15
4851,2,"60",15
4852,2,"60",15
4853,2,"60",15
4854,2,"60",15
4855,2,"60",15
4856,2,"60",15
4857,2,"60",15
4858,2,"60",15
4859,2,"60",15
4860,2,"60",15
4861,2,"60",15
4862,2,"60",15
4863,2,"60",15
4864,2,"60",15
4865,2,"60",15
4866,2,"60",15
4867,2,"60",15
4868,2,"60",15
4869,2,"60",15
4870,2,"60",15
4871,2,"60",15
4872,2,"60",15
4873,2,"60",15
4874,2,"60",15
4875,0.157541,"60",15
4876,0.157541,"60",15
4877,4.85798,"60",15
4878,2,"60",15
4879,2,"60",15
4880,2,"60",15
4881,2,"60",15
4882,2,"60",15
4883,2,"60",15
4884,2,"60",15
4885,2,"60",15
4886,2,"60",15
4887,2,"60",15
4888,2,"60",15
4889,2,"60",15
4890,2,"60",15
4891,2,"60",15
4892,2,"60",15
4893,2,"60",15
4894,2,"60",15
4895,2,"60",15
4896,2,"60",15
4897,2,"60",15
4898,2,"60",15
4899,2,"60",15
4900,2,"60",15
4901,2,"60",15
4902,2,"60",15
4903,2,"60",15
4904,2,"60",15
4905,2,"60",15
4906,2,"60",15
4907,2,"60",15
4908,2,"60",15
4909,2,"60",15
4910,2,"60",15
4911,2,"60",15
4912,2,"60",15
4913,2,"60",15
4914,2,"60",15
4915,2,"60",15
4916,2,"60",15
4917,2,"60",15
4918,2,"60",15
4919,2,"60",15
4920,2,"60",15
4921,2,"60",15
4922,2,"60",15
4923,2,"60",15
4924,2,"60",15
4925,2,"60",15
4926,2,"60",15
4927,2,"60",15
4928,2,"60",15
4929,2,"60",15
4930,2,"60",15
4931,2,"60",15
4932,2,"60",15
4933,2,"60",15
4934,2,"60",15
4935,2,"60",15
4936,2,"60",15
4937,2,"60",15
4938,2,"60",15
4939,2,"60",15
4940,2,"60",15
4941,2,"60",15
4942,2,"60",15
4943,2,"60",15
4944,2,"60",15
4945,2,"60",15
4946,2,"60",15
4947,2,"60",15
4948,2,"60",15
4949,2,"60",15
4950,2,"60",15
4951,2,"60",15
4952,2,"60",15
4953,2,"60",15
4954,2,"60",15
4955,2,"60",15
4956,2,"60",15
4957,2,"60",15
4958,2,"60",15
4959,2,"60",15
4960,2,"60",15
4961,2,"60",15
4962,2,"60",15
4963,2,"60",15
4964,2,"60",15
4965,2,"60",15
4966,2,"60",15
4967,2,"60",15
4968,2,"60",15
4969,2,"60",15
4970,2,"60",15
4971,2,"60",15
4972,2,"60",15
4973,2,"60",15
4974,2,"60",15
4975,2,"60",15
4976,2,"60",15
4977,2,"60",15
4978,2,"60",15
4979,2,"60",15
4980,2,"60",15
4981,2,"60",15
4982,2,"60",15
4983,2,"60",15
4984,2,"60",15
4985,2,"60",15
4986,2,"60",15
4987,2,"60",15
4988,2,"60",15
4989,2,"60",15
4990,2,"60",15
4991,2,"60",15
4992,2,"60",15
4993,2,"60",15
4994,2,"60",15
4995,2,"60",15
4996,2,"60",15
4997,2,"60",15
4998,2,"60",15
4999,2,"60",15
5000,2,"60",15
5001,2,"60",15
5002,2,"60",15
5003,2,"60",15
5004,2,"60",15
5005,2,"60",15
5006,2,"60",15
5007,2,"60",15
5008,2,"60",15
5009,2,"60",15
5010,2,"60",15
5011,2,"60",15
5012,2,"60",15
5013,2,"60",15
5014,2,"60",15
5015,2,"60",15
5016,2,"60",15
5017,2,"60",15
5018,2,"60",15
5019,2,"60",15
5020,2,"60",15
5021,2,"60",15
5022,2,"60",15
5023,2,"60",15
5024,2,"60",15
5025,2,"60",15
5026,2,"60",15
5027,2,"60",15
5028,2,"60",15
5029,2,"60",15
5030,2,"60",15
5031,2,"60",15
5032,2,"60",15
5033,2,"60",15
5034,2,"60",15
5035,2,"60",15
5036,2,"60",15
5037,2,"60",15
5038,2,"60",15
5039,2,"60",15
5040,2,"60",15
5041,2,"60",15
5042,2,"60",15
5043,2,"60",15
5044,2,"60",15
5045,2,"60",15
5046,2,"60",15
5047,2,"60",15
5048,2,"60",15
5049,2,"60",15
5050,2,"60",15
5051,2,"60",15
5052,2,"60",15
5053,2,"60",15
5054,2,"60",15
5055,2,"60",15
5056,2,"60",15
5057,2,"60",15
5058,2,"60",15
5059,2,"60",15
5060,2,"60",15
5061,2,"60",15
5062,2,"60",15
5063,2,"60",15
5064,2,"60",15
5065,2,"60",15
5066,2,"60",15
5067,2,"60",15
5068,2,"60",15
5069,2,"60",15
5070,2,"60",15
5071,2,"60",15
5072,2,"60",15
5073,2,"60",15
5074,2,"60",15
5075,2,"60",15
5076,2,"60",15
5077,2,"60",15
5078,2,"60",15
5079,2,"60",15
5080,2,"60",15
5081,2,"60",15
5082,2,"60",15
5083,2,"60",15
5084,2,"60",15
5085,2,"60",15
5086,2,"60",15
5087,2,"60",15
5088,2,"60",15
5089,2,"60",15
5090,2,"60",15
5091,2,"60",15
5092,2,"60",15
5093,2,"60",15
5094,2,"60",15
5095,2,"60",15
5096,2,"60",15
5097,2,"60",15
5098,2,"60",15
5099,2,"60",15
5100,2,"60",15
5101,2,"60",15
5102,2,"60",15
5103,2,"60",15
5104,2,"60",15
5105,2,"60",15
5106,2,"60",15
5107,2,"60",15
5108,2,"60",15
5109,2,"60",15
5110,2,"60",15
5111,2,"60",15
5112,2,"60",15
5113,2,"60",15
5114,2,"60",15
5115,2,"60",15
5116,2,"60",15
5117,2,"60",15
5118,2,"60",15
5119,2,"60",15
5120,2,"60",15
5121,2,"60",15
5122,2,"60",15
5123,2,"60",15
5124,2,"60",15
5125,2,"60",15
5126,2,"60",15
5127,2,"60",15
5128,2,"60",15
5129,2,"60",15
5130,2,"60",15
5131,2,"60",15
5132,2,"60",15
5133,2,"60",15
5134,2,"60",15
5135,2,"60",15
5136,2,"60",15
5137,2,"60",15
5138,2,"60",15
5139,2,"60",15
5140,2,"60",15
5141,2,"60",15
5142,2,"60",15
5143,2,"60",15
5144,2,"60",15
5145,2,"60",15
5146,2,"60",15
5147,2,"60",15
5148,2,"60",15
5149,2,"60",15
5150,2,"60",15
5151,2,"60",15
5152,2,"60",15
5153,2,"60",15
5154,2,"60",15
5155,2,"60",15
5156,2,"60",15
5157,2,"60",15
5158,2,"60",15
5159,2,"60",15
5160,2,"60",15
5161,2,"60",15
5162,2,"60",15
5163,2,"60",15
5164,2,"60",15
5165,2,"60",15
5166,2,"60",15
5167,2,"60",15
5168,2,"60",15
5169,2,"60",15
5170,2,"60",15
5171,2,"60",15
5172,2,"60",15
5173,2,"60",15
5174,2,"60",15
5175,2,"60",15
5176,2,"60",15
5177,2,"60",15
5178,2,"60",15
5179,2,"60",15
5180,2,"60",15
5181,2,"60",15
5182,2,"60",15
5183,2,"60",15
5184,2,"60",15
5185,2,"60",15
5186,2,"60",15
5187,2,"60",15
5188,2,"60",15
5189,2,"60",15
5190,2,"60",15
5191,2,"60",15
5192,2,"60",15
5193,2,"60",15
5194,2,"60",15
5195,2,"60",15
5196,2,"60",15
5197,2,"60",15
5198,2,"60",15
5199,2,"60",15
5200,2,"60",15
5201,2,"60",15
5202,2,"60",15
5203,2,"60",15
5204,2,"60",15
5205,2,"60",15
5206,2,"60",15
5207,2,"60",15
5208,2,"60",15
5209,2,"60",15
5210,2,"60",15
5211,2,"60",15
5212,2,"60",15
5213,2,"60",15
5214,2,"60",15
5215,2,"60",15
5216,2,"60",15
5217,2,"60",15
5218,2,"60",15
5219,2,"60",15
5220,2,"60",15
5221,2,"60",15
5222,2,"60",15
5223,2,"60",15
5224,2,"60",15
5225,2,"60",15
5226,2,"60",15
5227,2,"60",15
5228,2,"60",15
5229,2,"60",15
5230,2,"60",15
5231,2,"60",15
5232,2,"60",15
5233,2,"60",15
5234,2,"60",15
5235,2,"60",15
5236,2,"60",15
5237,2,"60",15
5238,2,"60",15
5239,2,"60",15
5240,2,"60",15
5241,2,"60",15
5242,2,"60",15
5243,2,"60",15
5244,2,"60",15
5245,2,"60",15
5246,2,"60",15
5247,2,"60",15
5248,2,"60",15
5249,2,"60",15
5250,2,"60",15
5251,2,"60",15
5252,2,"60",15
5253,2,"60",15
5254,2,"60",15
5255,2,"60",15
5256,2,"60",15
5257,2,"60",15
5258,2,"60",15
5259,2,"60",15
5260,2,"60",15
5261,2,"60",15
5262,2,"60",15
5263,2,"60",15
5264,2,"60",15
5265,2,"60",15
5266,2,"60",15
5267,2,"60",15
5268,2,"60",15
5269,2,"60",15
5270,2,"60",15
5271,2,"60",15
5272,2,"60",15
5273,2,"60",15
5274,2,"60",15
5275,2,"60",15
5276,2,"60",15
5277,2,"60",15
5278,2,"60",15
5279,2,"60",15
5280,2,"60",15
5281,2,"60",15
5282,2,"60",15
5283,2,"60",15
5284,2,"60",15
5285,2,"60",15
5286,2,"60",15
5287,2,"60",15
5288,2,"60",15
5289,2,"60",15
5290,2,"60",15
5291,2,"60",15
5292,2,"60",15
5293,2,"60",15
5294,2,"60",15
5295,2,"60",15
5296,2,"60",15
5297,2,"60",15
5298,2,"60",15
5299,2,"60",15
5300,2,"60",15
5301,2,"60",15
5302,2,"60",15
5303,2,"60",15
5304,2,"60",15
5305,2,"60",15
5306,2,"60",15
5307,2,"60",15
5308,2,"60",15
5309,2,"60",15
5310,2,"60",15
5311,2,"60",15
5312,2,"60",15
5313,2,"60",15
5314,2,"60",15
5315,2,"60",15
5316,2,"60",15
5317,2,"60",15
5318,2,"60",15
5319,2,"60",15
5320,2,"60",15
5321,2,"60",15
5322,2,"60",15
5323,2,"60",15
5324,2,"60",15
5325,2,"60",15
5326,2,"60",15
5327,2,"60",15
5328,2,"60",15
5329,2,"60",15
5330,2,"60",15
5331,2,"60",15
5332,2,"60",15
5333,2,"60",15
5334,2,"60",15
5335,2,"60",15
5336,2,"60",15
5337,2,"60",15
5338,2,"60",15
5339,2,"60",15
5340,2,"60",15
5341,2,"60",15
5342,2,"60",15
5343,2,"60",15
5344,2,"60",15
5345,2,"60",15
5346,2,"60",15
5347,2,"60",15
5348,2,"60",15
5349,2,"60",15
5350,2,"60",15
5351,2,"60",15
5352,2,"60",15
5353,2,"60",15
5354,2,"60",15
5355,2,"60",15
5356,2,"60",15
5357,2,"60",15
5358,2,"60",15
5359,2,"60",15
5360,2,"60",15
5361,2,"60",15
5362,2,"60",15
5363,2,"60",15
5364,2,"60",15
5365,2,"60",15
5366,2,"60",15
5367,2,"60",15
5368,2,"60",15
5369,2,"60",15
5370,2,"60",15
5371,2,"60",15
5372,2,"60",15
5373,2,"60",15
5374,2,"60",15
5375,2,"60",15
5376,2,"60",15
5377,2,"60",15
5378,2,"60",15
5379,2,"60",15
5380,2,"60",15
5381,2,"60",15
5382,2,"60",15
5383,2,"60",15
5384,2,"60",15
5385,2,"60",15
5386,2,"60",15
5387,2,"60",15
5388,2,"60",15
5389,2,"60",15
5390,2,"60",15
5391,2,"60",15
5392,2,"60",15
5393,2,"60",15
5394,2,"60",15
5395,2,"60",15
5396,2,"60",15
5397,2,"60",15
5398,2,"60",15
5399,2,"60",15
5400,2,"60",15
5401,2,"60",15
5402,2,"60",15
5403,2,"60",15
5404,2,"60",15
5405,2,"60",15
5406,2,"60",15
5407,2,"60",15
5408,2,"60",15
5409,2,"60",15
5410,2,"60",15
5411,2,"60",15
5412,2,"60",15
5413,2,"60",15
5414,2,"60",15
5415,2,"60",15
5416,2,"60",15
5417,2,"60",15
5418,2,"60",15
5419,2,"60",15
5420,2,"60",15
5421,2,"60",15
5422,2,"60",15
5423,2,"60",15
5424,2,"60",15
5425,2,"60",15
5426,2,"60",15
5427,2,"60",15
5428,2,"60",15
5429,2,"60",15
5430,2,"60",15
5431,2,"60",15
5432,2,"60",15
5433,2,"60",15
5434,2,"60",15
5435,2,"60",15
5436,2,"60",15
5437,2,"60",15
5438,2,"60",15
5439,2,"60",15
5440,2,"60",15
5441,2,"60",15
5442,2,"60",15
5443,2,"60",15
5444,2,"60",15
5445,2,"60",15
5446,2,"60",15
5447,2,"60",15
5448,2,"60",15
5449,2,"60",15
5450,2,"60",15
5451,2,"60",15
5452,2,"60",15
5453,2,"60",15
5454,2,"60",15
5455,2,"60",15
5456,2,"60",15
5457,2,"60",15
5458,2,"60",15
5459,2,"60",15
5460,2,"60",15
5461,2,"60",15
5462,2,"60",15
5463,2,"60",15
5464,2,"60",15
5465,2,"60",15
5466,2,"60",15
5467,2,"60",15
5468,2,"60",15
5469,2,"60",15
5470,2,"60",15
5471,2,"60",15
5472,2,"60",15
5473,2,"60",15
5474,2,"60",15
5475,2,"60",15
5476,2,"60",15
5477,2,"60",15
5478,2,"60",15
5479,2,"60",15
5480,2,"60",15
5481,2,"60",15
5482,2,"60",15
5483,2,"60",15
5484,2,"60",15
5485,2,"60",15
5486,2,"60",15
5487,2,"60",15
5488,2,"60",15
5489,2,"60",15
5490,2,"60",15
5491,2,"60",15
5492,2,"60",15
5493,2,"60",15
5494,2,"60",15
5495,2,"60",15
5496,2,"60",15
5497,2,"60",15
5498,2,"60",15
5499,2,"60",15
5500,2,"60",15
5501,2,"60",15
5502,2,"60",15
5503,2,"60",15
5504,2,"60",15
5505,2,"60",15
5506,2,"60",15
5507,2,"60",15
5508,2,"60",15
5509,2,"60",15
5510,2,"60",15
5511,2,"60",15
